<annotation>
	<folder>train</folder>
	<filename>BikesHelmets251_png_jpg.rf.0d3c1723e4852acf8dd6fad4d8472b88.jpg</filename>
	<path>D:\helmet detector\data (1)\train\BikesHelmets251_png_jpg.rf.0d3c1723e4852acf8dd6fad4d8472b88.jpg</path>
	<source>
		<database>Unknown</database>
	</source>
	<size>
		<width>416</width>
		<height>416</height>
		<depth>3</depth>
	</size>
	<segmented>0</segmented>
	<object>
		<name>No Helmet</name>
		<pose>Unspecified</pose>
		<truncated>0</truncated>
		<difficult>0</difficult>
		<bndbox>
			<xmin>149</xmin>
			<ymin>12</ymin>
			<xmax>191</xmax>
			<ymax>78</ymax>
		</bndbox>
	</object>
</annotation>
