<annotation>
	<folder>train</folder>
	<filename>BikesHelmets261_png_jpg.rf.532e48b39c595909d2503d8d7122c43b.jpg</filename>
	<path>D:\helmet detector\data (1)\train\BikesHelmets261_png_jpg.rf.532e48b39c595909d2503d8d7122c43b.jpg</path>
	<source>
		<database>Unknown</database>
	</source>
	<size>
		<width>416</width>
		<height>416</height>
		<depth>3</depth>
	</size>
	<segmented>0</segmented>
	<object>
		<name>Helmet</name>
		<pose>Unspecified</pose>
		<truncated>0</truncated>
		<difficult>0</difficult>
		<bndbox>
			<xmin>214</xmin>
			<ymin>161</ymin>
			<xmax>275</xmax>
			<ymax>227</ymax>
		</bndbox>
	</object>
	<object>
		<name>Helmet</name>
		<pose>Unspecified</pose>
		<truncated>0</truncated>
		<difficult>0</difficult>
		<bndbox>
			<xmin>83</xmin>
			<ymin>87</ymin>
			<xmax>194</xmax>
			<ymax>216</ymax>
		</bndbox>
	</object>
</annotation>
