<annotation>
	<folder>train</folder>
	<filename>BikesHelmets213_png_jpg.rf.9134e03db0615a7996ba1eb2658d2897.jpg</filename>
	<path>D:\helmet detector\data (1)\train\BikesHelmets213_png_jpg.rf.9134e03db0615a7996ba1eb2658d2897.jpg</path>
	<source>
		<database>Unknown</database>
	</source>
	<size>
		<width>416</width>
		<height>416</height>
		<depth>3</depth>
	</size>
	<segmented>0</segmented>
	<object>
		<name>Helmet</name>
		<pose>Unspecified</pose>
		<truncated>0</truncated>
		<difficult>0</difficult>
		<bndbox>
			<xmin>67</xmin>
			<ymin>160</ymin>
			<xmax>88</xmax>
			<ymax>190</ymax>
		</bndbox>
	</object>
	<object>
		<name>Helmet</name>
		<pose>Unspecified</pose>
		<truncated>0</truncated>
		<difficult>0</difficult>
		<bndbox>
			<xmin>157</xmin>
			<ymin>60</ymin>
			<xmax>188</xmax>
			<ymax>123</ymax>
		</bndbox>
	</object>
	<object>
		<name>Helmet</name>
		<pose>Unspecified</pose>
		<truncated>0</truncated>
		<difficult>0</difficult>
		<bndbox>
			<xmin>292</xmin>
			<ymin>76</ymin>
			<xmax>326</xmax>
			<ymax>127</ymax>
		</bndbox>
	</object>
	<object>
		<name>Helmet</name>
		<pose>Unspecified</pose>
		<truncated>0</truncated>
		<difficult>0</difficult>
		<bndbox>
			<xmin>356</xmin>
			<ymin>145</ymin>
			<xmax>382</xmax>
			<ymax>175</ymax>
		</bndbox>
	</object>
</annotation>
