<annotation>
	<folder>train</folder>
	<filename>BikesHelmets231_png_jpg.rf.44a5fb8129516d8425eae9f8647c41a6.jpg</filename>
	<path>D:\helmet detector\data (1)\train\BikesHelmets231_png_jpg.rf.44a5fb8129516d8425eae9f8647c41a6.jpg</path>
	<source>
		<database>Unknown</database>
	</source>
	<size>
		<width>416</width>
		<height>416</height>
		<depth>3</depth>
	</size>
	<segmented>0</segmented>
	<object>
		<name>No Helmet</name>
		<pose>Unspecified</pose>
		<truncated>0</truncated>
		<difficult>0</difficult>
		<bndbox>
			<xmin>242</xmin>
			<ymin>26</ymin>
			<xmax>280</xmax>
			<ymax>101</ymax>
		</bndbox>
	</object>
	<object>
		<name>Helmet</name>
		<pose>Unspecified</pose>
		<truncated>0</truncated>
		<difficult>0</difficult>
		<bndbox>
			<xmin>154</xmin>
			<ymin>16</ymin>
			<xmax>218</xmax>
			<ymax>99</ymax>
		</bndbox>
	</object>
</annotation>
