<annotation>
	<folder>train</folder>
	<filename>BikesHelmets113_png_jpg.rf.1cb266798e8fa5c05a5a6eed67453fe8.jpg</filename>
	<path>D:\helmet detector\data (1)\train\BikesHelmets113_png_jpg.rf.1cb266798e8fa5c05a5a6eed67453fe8.jpg</path>
	<source>
		<database>Unknown</database>
	</source>
	<size>
		<width>416</width>
		<height>416</height>
		<depth>3</depth>
	</size>
	<segmented>0</segmented>
	<object>
		<name>No Helmet</name>
		<pose>Unspecified</pose>
		<truncated>0</truncated>
		<difficult>0</difficult>
		<bndbox>
			<xmin>240</xmin>
			<ymin>18</ymin>
			<xmax>282</xmax>
			<ymax>95</ymax>
		</bndbox>
	</object>
	<object>
		<name>Helmet</name>
		<pose>Unspecified</pose>
		<truncated>0</truncated>
		<difficult>0</difficult>
		<bndbox>
			<xmin>149</xmin>
			<ymin>11</ymin>
			<xmax>214</xmax>
			<ymax>91</ymax>
		</bndbox>
	</object>
</annotation>
