<annotation>
	<folder>train</folder>
	<filename>BikesHelmets1_png_jpg.rf.6056bd42623b3480824a671ed46d2b95.jpg</filename>
	<path>D:\helmet detector\data (1)\train\BikesHelmets1_png_jpg.rf.6056bd42623b3480824a671ed46d2b95.jpg</path>
	<source>
		<database>Unknown</database>
	</source>
	<size>
		<width>416</width>
		<height>416</height>
		<depth>3</depth>
	</size>
	<segmented>0</segmented>
	<object>
		<name>Helmet</name>
		<pose>Unspecified</pose>
		<truncated>1</truncated>
		<difficult>0</difficult>
		<bndbox>
			<xmin>166</xmin>
			<ymin>1</ymin>
			<xmax>256</xmax>
			<ymax>108</ymax>
		</bndbox>
	</object>
</annotation>
