<annotation>
	<folder>train</folder>
	<filename>BikesHelmets286_png_jpg.rf.264eddcd588f50076ad7e72901b88109.jpg</filename>
	<path>D:\helmet detector\data (1)\train\BikesHelmets286_png_jpg.rf.264eddcd588f50076ad7e72901b88109.jpg</path>
	<source>
		<database>Unknown</database>
	</source>
	<size>
		<width>416</width>
		<height>416</height>
		<depth>3</depth>
	</size>
	<segmented>0</segmented>
	<object>
		<name>Helmet</name>
		<pose>Unspecified</pose>
		<truncated>0</truncated>
		<difficult>0</difficult>
		<bndbox>
			<xmin>255</xmin>
			<ymin>82</ymin>
			<xmax>277</xmax>
			<ymax>157</ymax>
		</bndbox>
	</object>
	<object>
		<name>Helmet</name>
		<pose>Unspecified</pose>
		<truncated>0</truncated>
		<difficult>0</difficult>
		<bndbox>
			<xmin>161</xmin>
			<ymin>87</ymin>
			<xmax>207</xmax>
			<ymax>192</ymax>
		</bndbox>
	</object>
	<object>
		<name>Helmet</name>
		<pose>Unspecified</pose>
		<truncated>0</truncated>
		<difficult>0</difficult>
		<bndbox>
			<xmin>34</xmin>
			<ymin>86</ymin>
			<xmax>103</xmax>
			<ymax>242</ymax>
		</bndbox>
	</object>
</annotation>
