<annotation>
	<folder>train</folder>
	<filename>BikesHelmets158_png_jpg.rf.62213f38ad5ed1b230001e0625c6a092.jpg</filename>
	<path>D:\helmet detector\data (1)\train\BikesHelmets158_png_jpg.rf.62213f38ad5ed1b230001e0625c6a092.jpg</path>
	<source>
		<database>Unknown</database>
	</source>
	<size>
		<width>416</width>
		<height>416</height>
		<depth>3</depth>
	</size>
	<segmented>0</segmented>
	<object>
		<name>Helmet</name>
		<pose>Unspecified</pose>
		<truncated>0</truncated>
		<difficult>0</difficult>
		<bndbox>
			<xmin>142</xmin>
			<ymin>8</ymin>
			<xmax>200</xmax>
			<ymax>88</ymax>
		</bndbox>
	</object>
</annotation>
