<annotation>
	<folder>train</folder>
	<filename>BikesHelmets145_png_jpg.rf.bce392b73a29ecd535073d6ca73290bb.jpg</filename>
	<path>D:\helmet detector\data (1)\train\BikesHelmets145_png_jpg.rf.bce392b73a29ecd535073d6ca73290bb.jpg</path>
	<source>
		<database>Unknown</database>
	</source>
	<size>
		<width>416</width>
		<height>416</height>
		<depth>3</depth>
	</size>
	<segmented>0</segmented>
	<object>
		<name>Helmet</name>
		<pose>Unspecified</pose>
		<truncated>0</truncated>
		<difficult>0</difficult>
		<bndbox>
			<xmin>122</xmin>
			<ymin>65</ymin>
			<xmax>143</xmax>
			<ymax>105</ymax>
		</bndbox>
	</object>
	<object>
		<name>Helmet</name>
		<pose>Unspecified</pose>
		<truncated>0</truncated>
		<difficult>0</difficult>
		<bndbox>
			<xmin>151</xmin>
			<ymin>85</ymin>
			<xmax>183</xmax>
			<ymax>155</ymax>
		</bndbox>
	</object>
	<object>
		<name>Helmet</name>
		<pose>Unspecified</pose>
		<truncated>0</truncated>
		<difficult>0</difficult>
		<bndbox>
			<xmin>219</xmin>
			<ymin>61</ymin>
			<xmax>254</xmax>
			<ymax>120</ymax>
		</bndbox>
	</object>
	<object>
		<name>Helmet</name>
		<pose>Unspecified</pose>
		<truncated>0</truncated>
		<difficult>0</difficult>
		<bndbox>
			<xmin>270</xmin>
			<ymin>60</ymin>
			<xmax>300</xmax>
			<ymax>112</ymax>
		</bndbox>
	</object>
</annotation>
