<annotation>
	<folder>valid</folder>
	<filename>BikesHelmets30_png_jpg.rf.e9274ab657a92205e5e2c3e684efb89e.jpg</filename>
	<path>D:\helmet detector\data (1)\valid\BikesHelmets30_png_jpg.rf.e9274ab657a92205e5e2c3e684efb89e.jpg</path>
	<source>
		<database>Unknown</database>
	</source>
	<size>
		<width>416</width>
		<height>416</height>
		<depth>3</depth>
	</size>
	<segmented>0</segmented>
	<object>
		<name>Helmet</name>
		<pose>Unspecified</pose>
		<truncated>0</truncated>
		<difficult>0</difficult>
		<bndbox>
			<xmin>38</xmin>
			<ymin>156</ymin>
			<xmax>113</xmax>
			<ymax>222</ymax>
		</bndbox>
	</object>
	<object>
		<name>Helmet</name>
		<pose>Unspecified</pose>
		<truncated>0</truncated>
		<difficult>0</difficult>
		<bndbox>
			<xmin>140</xmin>
			<ymin>54</ymin>
			<xmax>235</xmax>
			<ymax>144</ymax>
		</bndbox>
	</object>
	<object>
		<name>Helmet</name>
		<pose>Unspecified</pose>
		<truncated>0</truncated>
		<difficult>0</difficult>
		<bndbox>
			<xmin>204</xmin>
			<ymin>99</ymin>
			<xmax>287</xmax>
			<ymax>168</ymax>
		</bndbox>
	</object>
</annotation>
