<annotation>
	<folder>train</folder>
	<filename>BikesHelmets213_png_jpg.rf.2efd9c9260f91ed42a5377ddb961b68f.jpg</filename>
	<path>D:\helmet detector\data (1)\train\BikesHelmets213_png_jpg.rf.2efd9c9260f91ed42a5377ddb961b68f.jpg</path>
	<source>
		<database>Unknown</database>
	</source>
	<size>
		<width>416</width>
		<height>416</height>
		<depth>3</depth>
	</size>
	<segmented>0</segmented>
	<object>
		<name>Helmet</name>
		<pose>Unspecified</pose>
		<truncated>0</truncated>
		<difficult>0</difficult>
		<bndbox>
			<xmin>67</xmin>
			<ymin>157</ymin>
			<xmax>88</xmax>
			<ymax>188</ymax>
		</bndbox>
	</object>
	<object>
		<name>Helmet</name>
		<pose>Unspecified</pose>
		<truncated>0</truncated>
		<difficult>0</difficult>
		<bndbox>
			<xmin>157</xmin>
			<ymin>61</ymin>
			<xmax>187</xmax>
			<ymax>120</ymax>
		</bndbox>
	</object>
	<object>
		<name>Helmet</name>
		<pose>Unspecified</pose>
		<truncated>0</truncated>
		<difficult>0</difficult>
		<bndbox>
			<xmin>297</xmin>
			<ymin>78</ymin>
			<xmax>324</xmax>
			<ymax>133</ymax>
		</bndbox>
	</object>
	<object>
		<name>Helmet</name>
		<pose>Unspecified</pose>
		<truncated>0</truncated>
		<difficult>0</difficult>
		<bndbox>
			<xmin>354</xmin>
			<ymin>145</ymin>
			<xmax>377</xmax>
			<ymax>174</ymax>
		</bndbox>
	</object>
</annotation>
