<annotation>
	<folder>train</folder>
	<filename>BikesHelmets290_png_jpg.rf.b7e55a362ce860b0d98da382e3540c85.jpg</filename>
	<path>D:\helmet detector\data (1)\train\BikesHelmets290_png_jpg.rf.b7e55a362ce860b0d98da382e3540c85.jpg</path>
	<source>
		<database>Unknown</database>
	</source>
	<size>
		<width>416</width>
		<height>416</height>
		<depth>3</depth>
	</size>
	<segmented>0</segmented>
	<object>
		<name>Helmet</name>
		<pose>Unspecified</pose>
		<truncated>0</truncated>
		<difficult>0</difficult>
		<bndbox>
			<xmin>197</xmin>
			<ymin>48</ymin>
			<xmax>250</xmax>
			<ymax>131</ymax>
		</bndbox>
	</object>
</annotation>
