<annotation>
	<folder>train</folder>
	<filename>BikesHelmets173_png_jpg.rf.d843a7eb95c149e190386cb0f3546ec2.jpg</filename>
	<path>D:\helmet detector\data (1)\train\BikesHelmets173_png_jpg.rf.d843a7eb95c149e190386cb0f3546ec2.jpg</path>
	<source>
		<database>Unknown</database>
	</source>
	<size>
		<width>416</width>
		<height>416</height>
		<depth>3</depth>
	</size>
	<segmented>0</segmented>
	<object>
		<name>Helmet</name>
		<pose>Unspecified</pose>
		<truncated>0</truncated>
		<difficult>0</difficult>
		<bndbox>
			<xmin>152</xmin>
			<ymin>99</ymin>
			<xmax>191</xmax>
			<ymax>158</ymax>
		</bndbox>
	</object>
	<object>
		<name>Helmet</name>
		<pose>Unspecified</pose>
		<truncated>0</truncated>
		<difficult>0</difficult>
		<bndbox>
			<xmin>221</xmin>
			<ymin>113</ymin>
			<xmax>239</xmax>
			<ymax>140</ymax>
		</bndbox>
	</object>
	<object>
		<name>Helmet</name>
		<pose>Unspecified</pose>
		<truncated>0</truncated>
		<difficult>0</difficult>
		<bndbox>
			<xmin>302</xmin>
			<ymin>70</ymin>
			<xmax>347</xmax>
			<ymax>127</ymax>
		</bndbox>
	</object>
	<object>
		<name>No Helmet</name>
		<pose>Unspecified</pose>
		<truncated>0</truncated>
		<difficult>0</difficult>
		<bndbox>
			<xmin>47</xmin>
			<ymin>86</ymin>
			<xmax>86</xmax>
			<ymax>139</ymax>
		</bndbox>
	</object>
</annotation>
