<annotation>
	<folder>train</folder>
	<filename>BikesHelmets194_png_jpg.rf.f3a8ca7c18c0e00431d3298cc5ffad5e.jpg</filename>
	<path>D:\helmet detector\data (1)\train\BikesHelmets194_png_jpg.rf.f3a8ca7c18c0e00431d3298cc5ffad5e.jpg</path>
	<source>
		<database>Unknown</database>
	</source>
	<size>
		<width>416</width>
		<height>416</height>
		<depth>3</depth>
	</size>
	<segmented>0</segmented>
	<object>
		<name>Helmet</name>
		<pose>Unspecified</pose>
		<truncated>0</truncated>
		<difficult>0</difficult>
		<bndbox>
			<xmin>267</xmin>
			<ymin>86</ymin>
			<xmax>297</xmax>
			<ymax>148</ymax>
		</bndbox>
	</object>
	<object>
		<name>Helmet</name>
		<pose>Unspecified</pose>
		<truncated>0</truncated>
		<difficult>0</difficult>
		<bndbox>
			<xmin>295</xmin>
			<ymin>94</ymin>
			<xmax>334</xmax>
			<ymax>147</ymax>
		</bndbox>
	</object>
	<object>
		<name>No Helmet</name>
		<pose>Unspecified</pose>
		<truncated>0</truncated>
		<difficult>0</difficult>
		<bndbox>
			<xmin>96</xmin>
			<ymin>83</ymin>
			<xmax>130</xmax>
			<ymax>132</ymax>
		</bndbox>
	</object>
</annotation>
