<annotation>
	<folder>train</folder>
	<filename>BikesHelmets170_png_jpg.rf.799dfb2da0d5c5cf98ac98b1898b974c.jpg</filename>
	<path>D:\helmet detector\data (1)\train\BikesHelmets170_png_jpg.rf.799dfb2da0d5c5cf98ac98b1898b974c.jpg</path>
	<source>
		<database>Unknown</database>
	</source>
	<size>
		<width>416</width>
		<height>416</height>
		<depth>3</depth>
	</size>
	<segmented>0</segmented>
	<object>
		<name>No Helmet</name>
		<pose>Unspecified</pose>
		<truncated>0</truncated>
		<difficult>0</difficult>
		<bndbox>
			<xmin>127</xmin>
			<ymin>4</ymin>
			<xmax>173</xmax>
			<ymax>79</ymax>
		</bndbox>
	</object>
</annotation>
