<annotation>
	<folder>train</folder>
	<filename>BikesHelmets227_png_jpg.rf.d727481092c200c15a0a9ff10ecce5ac.jpg</filename>
	<path>D:\helmet detector\data (1)\train\BikesHelmets227_png_jpg.rf.d727481092c200c15a0a9ff10ecce5ac.jpg</path>
	<source>
		<database>Unknown</database>
	</source>
	<size>
		<width>416</width>
		<height>416</height>
		<depth>3</depth>
	</size>
	<segmented>0</segmented>
	<object>
		<name>Helmet</name>
		<pose>Unspecified</pose>
		<truncated>0</truncated>
		<difficult>0</difficult>
		<bndbox>
			<xmin>89</xmin>
			<ymin>23</ymin>
			<xmax>181</xmax>
			<ymax>115</ymax>
		</bndbox>
	</object>
</annotation>
