<annotation>
	<folder>train</folder>
	<filename>BikesHelmets112_png_jpg.rf.1b587ef931f4312fae28f2fdf662b91d.jpg</filename>
	<path>D:\helmet detector\data (1)\train\BikesHelmets112_png_jpg.rf.1b587ef931f4312fae28f2fdf662b91d.jpg</path>
	<source>
		<database>Unknown</database>
	</source>
	<size>
		<width>416</width>
		<height>416</height>
		<depth>3</depth>
	</size>
	<segmented>0</segmented>
	<object>
		<name>No Helmet</name>
		<pose>Unspecified</pose>
		<truncated>1</truncated>
		<difficult>0</difficult>
		<bndbox>
			<xmin>280</xmin>
			<ymin>1</ymin>
			<xmax>352</xmax>
			<ymax>145</ymax>
		</bndbox>
	</object>
	<object>
		<name>No Helmet</name>
		<pose>Unspecified</pose>
		<truncated>0</truncated>
		<difficult>0</difficult>
		<bndbox>
			<xmin>240</xmin>
			<ymin>26</ymin>
			<xmax>308</xmax>
			<ymax>196</ymax>
		</bndbox>
	</object>
	<object>
		<name>No Helmet</name>
		<pose>Unspecified</pose>
		<truncated>0</truncated>
		<difficult>0</difficult>
		<bndbox>
			<xmin>109</xmin>
			<ymin>40</ymin>
			<xmax>169</xmax>
			<ymax>165</ymax>
		</bndbox>
	</object>
</annotation>
