<annotation>
	<folder>train</folder>
	<filename>BikesHelmets3_png_jpg.rf.d206c84f86b32a739a30517747d4ae40.jpg</filename>
	<path>D:\helmet detector\data (1)\train\BikesHelmets3_png_jpg.rf.d206c84f86b32a739a30517747d4ae40.jpg</path>
	<source>
		<database>Unknown</database>
	</source>
	<size>
		<width>416</width>
		<height>416</height>
		<depth>3</depth>
	</size>
	<segmented>0</segmented>
	<object>
		<name>Helmet</name>
		<pose>Unspecified</pose>
		<truncated>0</truncated>
		<difficult>0</difficult>
		<bndbox>
			<xmin>207</xmin>
			<ymin>78</ymin>
			<xmax>231</xmax>
			<ymax>118</ymax>
		</bndbox>
	</object>
	<object>
		<name>Helmet</name>
		<pose>Unspecified</pose>
		<truncated>0</truncated>
		<difficult>0</difficult>
		<bndbox>
			<xmin>296</xmin>
			<ymin>101</ymin>
			<xmax>318</xmax>
			<ymax>139</ymax>
		</bndbox>
	</object>
</annotation>
