<annotation>
	<folder>train</folder>
	<filename>BikesHelmets142_png_jpg.rf.1d9e0d789f8ccc74f329245d8ad5a58e.jpg</filename>
	<path>D:\helmet detector\data (1)\train\BikesHelmets142_png_jpg.rf.1d9e0d789f8ccc74f329245d8ad5a58e.jpg</path>
	<source>
		<database>Unknown</database>
	</source>
	<size>
		<width>416</width>
		<height>416</height>
		<depth>3</depth>
	</size>
	<segmented>0</segmented>
	<object>
		<name>Helmet</name>
		<pose>Unspecified</pose>
		<truncated>0</truncated>
		<difficult>0</difficult>
		<bndbox>
			<xmin>81</xmin>
			<ymin>87</ymin>
			<xmax>158</xmax>
			<ymax>256</ymax>
		</bndbox>
	</object>
	<object>
		<name>No Helmet</name>
		<pose>Unspecified</pose>
		<truncated>0</truncated>
		<difficult>0</difficult>
		<bndbox>
			<xmin>205</xmin>
			<ymin>205</ymin>
			<xmax>247</xmax>
			<ymax>278</ymax>
		</bndbox>
	</object>
</annotation>
