<annotation>
	<folder>train</folder>
	<filename>BikesHelmets197_png_jpg.rf.ac249449ac7d7a477bf2dde1b7144cde.jpg</filename>
	<path>D:\helmet detector\data (1)\train\BikesHelmets197_png_jpg.rf.ac249449ac7d7a477bf2dde1b7144cde.jpg</path>
	<source>
		<database>Unknown</database>
	</source>
	<size>
		<width>416</width>
		<height>416</height>
		<depth>3</depth>
	</size>
	<segmented>0</segmented>
	<object>
		<name>No Helmet</name>
		<pose>Unspecified</pose>
		<truncated>0</truncated>
		<difficult>0</difficult>
		<bndbox>
			<xmin>241</xmin>
			<ymin>104</ymin>
			<xmax>264</xmax>
			<ymax>141</ymax>
		</bndbox>
	</object>
	<object>
		<name>No Helmet</name>
		<pose>Unspecified</pose>
		<truncated>0</truncated>
		<difficult>0</difficult>
		<bndbox>
			<xmin>267</xmin>
			<ymin>92</ymin>
			<xmax>288</xmax>
			<ymax>130</ymax>
		</bndbox>
	</object>
</annotation>
