<annotation>
	<folder>train</folder>
	<filename>BikesHelmets182_png_jpg.rf.ef87f6e336cec7881f8dfe04ec333acf.jpg</filename>
	<path>D:\helmet detector\data (1)\train\BikesHelmets182_png_jpg.rf.ef87f6e336cec7881f8dfe04ec333acf.jpg</path>
	<source>
		<database>Unknown</database>
	</source>
	<size>
		<width>416</width>
		<height>416</height>
		<depth>3</depth>
	</size>
	<segmented>0</segmented>
	<object>
		<name>Helmet</name>
		<pose>Unspecified</pose>
		<truncated>0</truncated>
		<difficult>0</difficult>
		<bndbox>
			<xmin>199</xmin>
			<ymin>6</ymin>
			<xmax>261</xmax>
			<ymax>139</ymax>
		</bndbox>
	</object>
</annotation>
