<annotation>
	<folder>valid</folder>
	<filename>BikesHelmets159_png_jpg.rf.513b31431d7178ed7ec855a8ad944d46.jpg</filename>
	<path>D:\helmet detector\data (1)\valid\BikesHelmets159_png_jpg.rf.513b31431d7178ed7ec855a8ad944d46.jpg</path>
	<source>
		<database>Unknown</database>
	</source>
	<size>
		<width>416</width>
		<height>416</height>
		<depth>3</depth>
	</size>
	<segmented>0</segmented>
	<object>
		<name>Helmet</name>
		<pose>Unspecified</pose>
		<truncated>0</truncated>
		<difficult>0</difficult>
		<bndbox>
			<xmin>126</xmin>
			<ymin>83</ymin>
			<xmax>171</xmax>
			<ymax>156</ymax>
		</bndbox>
	</object>
	<object>
		<name>Helmet</name>
		<pose>Unspecified</pose>
		<truncated>0</truncated>
		<difficult>0</difficult>
		<bndbox>
			<xmin>187</xmin>
			<ymin>86</ymin>
			<xmax>223</xmax>
			<ymax>165</ymax>
		</bndbox>
	</object>
</annotation>
