<annotation>
	<folder>train</folder>
	<filename>BikesHelmets153_png_jpg.rf.4f216defa313eb9901949f8e208640a4.jpg</filename>
	<path>D:\helmet detector\data (1)\train\BikesHelmets153_png_jpg.rf.4f216defa313eb9901949f8e208640a4.jpg</path>
	<source>
		<database>Unknown</database>
	</source>
	<size>
		<width>416</width>
		<height>416</height>
		<depth>3</depth>
	</size>
	<segmented>0</segmented>
	<object>
		<name>Helmet</name>
		<pose>Unspecified</pose>
		<truncated>0</truncated>
		<difficult>0</difficult>
		<bndbox>
			<xmin>116</xmin>
			<ymin>56</ymin>
			<xmax>248</xmax>
			<ymax>153</ymax>
		</bndbox>
	</object>
</annotation>
