<annotation>
	<folder>train</folder>
	<filename>BikesHelmets23_png_jpg.rf.95289135ca3161e9d78cb13d7ae53fdb.jpg</filename>
	<path>D:\helmet detector\data (1)\train\BikesHelmets23_png_jpg.rf.95289135ca3161e9d78cb13d7ae53fdb.jpg</path>
	<source>
		<database>Unknown</database>
	</source>
	<size>
		<width>416</width>
		<height>416</height>
		<depth>3</depth>
	</size>
	<segmented>0</segmented>
	<object>
		<name>Helmet</name>
		<pose>Unspecified</pose>
		<truncated>0</truncated>
		<difficult>0</difficult>
		<bndbox>
			<xmin>120</xmin>
			<ymin>36</ymin>
			<xmax>171</xmax>
			<ymax>112</ymax>
		</bndbox>
	</object>
	<object>
		<name>Helmet</name>
		<pose>Unspecified</pose>
		<truncated>0</truncated>
		<difficult>0</difficult>
		<bndbox>
			<xmin>315</xmin>
			<ymin>102</ymin>
			<xmax>345</xmax>
			<ymax>140</ymax>
		</bndbox>
	</object>
	<object>
		<name>Helmet</name>
		<pose>Unspecified</pose>
		<truncated>0</truncated>
		<difficult>0</difficult>
		<bndbox>
			<xmin>352</xmin>
			<ymin>105</ymin>
			<xmax>371</xmax>
			<ymax>142</ymax>
		</bndbox>
	</object>
</annotation>
