<annotation>
	<folder>train</folder>
	<filename>BikesHelmets173_png_jpg.rf.5a8a0f581f1b86f7610a83164054ddc9.jpg</filename>
	<path>D:\helmet detector\data (1)\train\BikesHelmets173_png_jpg.rf.5a8a0f581f1b86f7610a83164054ddc9.jpg</path>
	<source>
		<database>Unknown</database>
	</source>
	<size>
		<width>416</width>
		<height>416</height>
		<depth>3</depth>
	</size>
	<segmented>0</segmented>
	<object>
		<name>Helmet</name>
		<pose>Unspecified</pose>
		<truncated>0</truncated>
		<difficult>0</difficult>
		<bndbox>
			<xmin>153</xmin>
			<ymin>100</ymin>
			<xmax>190</xmax>
			<ymax>157</ymax>
		</bndbox>
	</object>
	<object>
		<name>Helmet</name>
		<pose>Unspecified</pose>
		<truncated>0</truncated>
		<difficult>0</difficult>
		<bndbox>
			<xmin>220</xmin>
			<ymin>114</ymin>
			<xmax>240</xmax>
			<ymax>139</ymax>
		</bndbox>
	</object>
	<object>
		<name>Helmet</name>
		<pose>Unspecified</pose>
		<truncated>0</truncated>
		<difficult>0</difficult>
		<bndbox>
			<xmin>299</xmin>
			<ymin>72</ymin>
			<xmax>348</xmax>
			<ymax>127</ymax>
		</bndbox>
	</object>
</annotation>
