<annotation>
	<folder>train</folder>
	<filename>BikesHelmets106_png_jpg.rf.11c0cb1b1d84773b24fbff820028438d.jpg</filename>
	<path>D:\helmet detector\data (1)\train\BikesHelmets106_png_jpg.rf.11c0cb1b1d84773b24fbff820028438d.jpg</path>
	<source>
		<database>Unknown</database>
	</source>
	<size>
		<width>416</width>
		<height>416</height>
		<depth>3</depth>
	</size>
	<segmented>0</segmented>
	<object>
		<name>Helmet</name>
		<pose>Unspecified</pose>
		<truncated>0</truncated>
		<difficult>0</difficult>
		<bndbox>
			<xmin>117</xmin>
			<ymin>57</ymin>
			<xmax>189</xmax>
			<ymax>171</ymax>
		</bndbox>
	</object>
	<object>
		<name>Helmet</name>
		<pose>Unspecified</pose>
		<truncated>0</truncated>
		<difficult>0</difficult>
		<bndbox>
			<xmin>245</xmin>
			<ymin>245</ymin>
			<xmax>268</xmax>
			<ymax>277</ymax>
		</bndbox>
	</object>
	<object>
		<name>Helmet</name>
		<pose>Unspecified</pose>
		<truncated>0</truncated>
		<difficult>0</difficult>
		<bndbox>
			<xmin>314</xmin>
			<ymin>167</ymin>
			<xmax>351</xmax>
			<ymax>230</ymax>
		</bndbox>
	</object>
</annotation>
