<annotation>
	<folder>train</folder>
	<filename>BikesHelmets262_png_jpg.rf.84f24414338e932589d3e4fe0b4804f2.jpg</filename>
	<path>D:\helmet detector\data (1)\train\BikesHelmets262_png_jpg.rf.84f24414338e932589d3e4fe0b4804f2.jpg</path>
	<source>
		<database>Unknown</database>
	</source>
	<size>
		<width>416</width>
		<height>416</height>
		<depth>3</depth>
	</size>
	<segmented>0</segmented>
	<object>
		<name>Helmet</name>
		<pose>Unspecified</pose>
		<truncated>0</truncated>
		<difficult>0</difficult>
		<bndbox>
			<xmin>188</xmin>
			<ymin>108</ymin>
			<xmax>233</xmax>
			<ymax>168</ymax>
		</bndbox>
	</object>
	<object>
		<name>No Helmet</name>
		<pose>Unspecified</pose>
		<truncated>0</truncated>
		<difficult>0</difficult>
		<bndbox>
			<xmin>172</xmin>
			<ymin>149</ymin>
			<xmax>194</xmax>
			<ymax>189</ymax>
		</bndbox>
	</object>
	<object>
		<name>No Helmet</name>
		<pose>Unspecified</pose>
		<truncated>0</truncated>
		<difficult>0</difficult>
		<bndbox>
			<xmin>134</xmin>
			<ymin>116</ymin>
			<xmax>168</xmax>
			<ymax>161</ymax>
		</bndbox>
	</object>
</annotation>
