<annotation>
	<folder>train</folder>
	<filename>BikesHelmets143_png_jpg.rf.417fea5b015ec9d394d59a8e6b72e21f.jpg</filename>
	<path>D:\helmet detector\data (1)\train\BikesHelmets143_png_jpg.rf.417fea5b015ec9d394d59a8e6b72e21f.jpg</path>
	<source>
		<database>Unknown</database>
	</source>
	<size>
		<width>416</width>
		<height>416</height>
		<depth>3</depth>
	</size>
	<segmented>0</segmented>
	<object>
		<name>No Helmet</name>
		<pose>Unspecified</pose>
		<truncated>0</truncated>
		<difficult>0</difficult>
		<bndbox>
			<xmin>52</xmin>
			<ymin>31</ymin>
			<xmax>78</xmax>
			<ymax>98</ymax>
		</bndbox>
	</object>
	<object>
		<name>No Helmet</name>
		<pose>Unspecified</pose>
		<truncated>0</truncated>
		<difficult>0</difficult>
		<bndbox>
			<xmin>100</xmin>
			<ymin>35</ymin>
			<xmax>131</xmax>
			<ymax>113</ymax>
		</bndbox>
	</object>
	<object>
		<name>No Helmet</name>
		<pose>Unspecified</pose>
		<truncated>0</truncated>
		<difficult>0</difficult>
		<bndbox>
			<xmin>121</xmin>
			<ymin>7</ymin>
			<xmax>152</xmax>
			<ymax>80</ymax>
		</bndbox>
	</object>
	<object>
		<name>No Helmet</name>
		<pose>Unspecified</pose>
		<truncated>0</truncated>
		<difficult>0</difficult>
		<bndbox>
			<xmin>167</xmin>
			<ymin>28</ymin>
			<xmax>183</xmax>
			<ymax>76</ymax>
		</bndbox>
	</object>
	<object>
		<name>No Helmet</name>
		<pose>Unspecified</pose>
		<truncated>0</truncated>
		<difficult>0</difficult>
		<bndbox>
			<xmin>334</xmin>
			<ymin>35</ymin>
			<xmax>364</xmax>
			<ymax>99</ymax>
		</bndbox>
	</object>
	<object>
		<name>No Helmet</name>
		<pose>Unspecified</pose>
		<truncated>0</truncated>
		<difficult>0</difficult>
		<bndbox>
			<xmin>348</xmin>
			<ymin>75</ymin>
			<xmax>376</xmax>
			<ymax>129</ymax>
		</bndbox>
	</object>
</annotation>
