<annotation>
	<folder>train</folder>
	<filename>BikesHelmets197_png_jpg.rf.18b85a9344024f546bba6033632bba3f.jpg</filename>
	<path>D:\helmet detector\data (1)\train\BikesHelmets197_png_jpg.rf.18b85a9344024f546bba6033632bba3f.jpg</path>
	<source>
		<database>Unknown</database>
	</source>
	<size>
		<width>416</width>
		<height>416</height>
		<depth>3</depth>
	</size>
	<segmented>0</segmented>
	<object>
		<name>No Helmet</name>
		<pose>Unspecified</pose>
		<truncated>0</truncated>
		<difficult>0</difficult>
		<bndbox>
			<xmin>240</xmin>
			<ymin>105</ymin>
			<xmax>267</xmax>
			<ymax>143</ymax>
		</bndbox>
	</object>
	<object>
		<name>No Helmet</name>
		<pose>Unspecified</pose>
		<truncated>0</truncated>
		<difficult>0</difficult>
		<bndbox>
			<xmin>265</xmin>
			<ymin>96</ymin>
			<xmax>293</xmax>
			<ymax>127</ymax>
		</bndbox>
	</object>
</annotation>
