<annotation>
	<folder>train</folder>
	<filename>BikesHelmets27_png_jpg.rf.4924f2bb16e03c7401a267364fe2559e.jpg</filename>
	<path>D:\helmet detector\data (1)\train\BikesHelmets27_png_jpg.rf.4924f2bb16e03c7401a267364fe2559e.jpg</path>
	<source>
		<database>Unknown</database>
	</source>
	<size>
		<width>416</width>
		<height>416</height>
		<depth>3</depth>
	</size>
	<segmented>0</segmented>
	<object>
		<name>Helmet</name>
		<pose>Unspecified</pose>
		<truncated>0</truncated>
		<difficult>0</difficult>
		<bndbox>
			<xmin>131</xmin>
			<ymin>15</ymin>
			<xmax>191</xmax>
			<ymax>91</ymax>
		</bndbox>
	</object>
</annotation>
