<annotation>
	<folder>train</folder>
	<filename>BikesHelmets254_png_jpg.rf.da550516ba64491e013b26d8d9fae8f3.jpg</filename>
	<path>D:\helmet detector\data (1)\train\BikesHelmets254_png_jpg.rf.da550516ba64491e013b26d8d9fae8f3.jpg</path>
	<source>
		<database>Unknown</database>
	</source>
	<size>
		<width>416</width>
		<height>416</height>
		<depth>3</depth>
	</size>
	<segmented>0</segmented>
	<object>
		<name>Helmet</name>
		<pose>Unspecified</pose>
		<truncated>0</truncated>
		<difficult>0</difficult>
		<bndbox>
			<xmin>25</xmin>
			<ymin>32</ymin>
			<xmax>133</xmax>
			<ymax>163</ymax>
		</bndbox>
	</object>
	<object>
		<name>Helmet</name>
		<pose>Unspecified</pose>
		<truncated>0</truncated>
		<difficult>0</difficult>
		<bndbox>
			<xmin>260</xmin>
			<ymin>40</ymin>
			<xmax>362</xmax>
			<ymax>195</ymax>
		</bndbox>
	</object>
</annotation>
