<annotation>
	<folder>train</folder>
	<filename>BikesHelmets261_png_jpg.rf.ff0f81b29250a302ae653f975eff97be.jpg</filename>
	<path>D:\helmet detector\data (1)\train\BikesHelmets261_png_jpg.rf.ff0f81b29250a302ae653f975eff97be.jpg</path>
	<source>
		<database>Unknown</database>
	</source>
	<size>
		<width>416</width>
		<height>416</height>
		<depth>3</depth>
	</size>
	<segmented>0</segmented>
	<object>
		<name>Helmet</name>
		<pose>Unspecified</pose>
		<truncated>0</truncated>
		<difficult>0</difficult>
		<bndbox>
			<xmin>214</xmin>
			<ymin>163</ymin>
			<xmax>273</xmax>
			<ymax>227</ymax>
		</bndbox>
	</object>
	<object>
		<name>Helmet</name>
		<pose>Unspecified</pose>
		<truncated>0</truncated>
		<difficult>0</difficult>
		<bndbox>
			<xmin>88</xmin>
			<ymin>91</ymin>
			<xmax>192</xmax>
			<ymax>217</ymax>
		</bndbox>
	</object>
</annotation>
