<annotation>
	<folder>valid</folder>
	<filename>BikesHelmets198_png_jpg.rf.5ea01b695f88f893f4c630626f53af67.jpg</filename>
	<path>D:\helmet detector\data (1)\valid\BikesHelmets198_png_jpg.rf.5ea01b695f88f893f4c630626f53af67.jpg</path>
	<source>
		<database>Unknown</database>
	</source>
	<size>
		<width>416</width>
		<height>416</height>
		<depth>3</depth>
	</size>
	<segmented>0</segmented>
	<object>
		<name>No Helmet</name>
		<pose>Unspecified</pose>
		<truncated>0</truncated>
		<difficult>0</difficult>
		<bndbox>
			<xmin>42</xmin>
			<ymin>145</ymin>
			<xmax>106</xmax>
			<ymax>211</ymax>
		</bndbox>
	</object>
	<object>
		<name>No Helmet</name>
		<pose>Unspecified</pose>
		<truncated>0</truncated>
		<difficult>0</difficult>
		<bndbox>
			<xmin>148</xmin>
			<ymin>66</ymin>
			<xmax>207</xmax>
			<ymax>143</ymax>
		</bndbox>
	</object>
	<object>
		<name>No Helmet</name>
		<pose>Unspecified</pose>
		<truncated>0</truncated>
		<difficult>0</difficult>
		<bndbox>
			<xmin>156</xmin>
			<ymin>21</ymin>
			<xmax>219</xmax>
			<ymax>81</ymax>
		</bndbox>
	</object>
</annotation>
