<annotation>
	<folder>train</folder>
	<filename>BikesHelmets120_png_jpg.rf.cbdf4c45e44b47333483121992bbfe3d.jpg</filename>
	<path>D:\helmet detector\data (1)\train\BikesHelmets120_png_jpg.rf.cbdf4c45e44b47333483121992bbfe3d.jpg</path>
	<source>
		<database>Unknown</database>
	</source>
	<size>
		<width>416</width>
		<height>416</height>
		<depth>3</depth>
	</size>
	<segmented>0</segmented>
	<object>
		<name>Helmet</name>
		<pose>Unspecified</pose>
		<truncated>1</truncated>
		<difficult>0</difficult>
		<bndbox>
			<xmin>171</xmin>
			<ymin>1</ymin>
			<xmax>221</xmax>
			<ymax>79</ymax>
		</bndbox>
	</object>
</annotation>
