<annotation>
	<folder>train</folder>
	<filename>BikesHelmets193_png_jpg.rf.3eed03a2645c7f1ebda7f0556bca74e7.jpg</filename>
	<path>D:\helmet detector\data (1)\train\BikesHelmets193_png_jpg.rf.3eed03a2645c7f1ebda7f0556bca74e7.jpg</path>
	<source>
		<database>Unknown</database>
	</source>
	<size>
		<width>416</width>
		<height>416</height>
		<depth>3</depth>
	</size>
	<segmented>0</segmented>
	<object>
		<name>Helmet</name>
		<pose>Unspecified</pose>
		<truncated>0</truncated>
		<difficult>0</difficult>
		<bndbox>
			<xmin>208</xmin>
			<ymin>70</ymin>
			<xmax>247</xmax>
			<ymax>123</ymax>
		</bndbox>
	</object>
</annotation>
