<annotation>
	<folder>train</folder>
	<filename>BikesHelmets100_png_jpg.rf.80cd052ebd1b583ea0fb67bbe723b56d.jpg</filename>
	<path>D:\helmet detector\data (1)\train\BikesHelmets100_png_jpg.rf.80cd052ebd1b583ea0fb67bbe723b56d.jpg</path>
	<source>
		<database>Unknown</database>
	</source>
	<size>
		<width>416</width>
		<height>416</height>
		<depth>3</depth>
	</size>
	<segmented>0</segmented>
	<object>
		<name>Helmet</name>
		<pose>Unspecified</pose>
		<truncated>0</truncated>
		<difficult>0</difficult>
		<bndbox>
			<xmin>161</xmin>
			<ymin>25</ymin>
			<xmax>218</xmax>
			<ymax>95</ymax>
		</bndbox>
	</object>
	<object>
		<name>Helmet</name>
		<pose>Unspecified</pose>
		<truncated>0</truncated>
		<difficult>0</difficult>
		<bndbox>
			<xmin>104</xmin>
			<ymin>15</ymin>
			<xmax>161</xmax>
			<ymax>85</ymax>
		</bndbox>
	</object>
</annotation>
