<annotation>
	<folder>train</folder>
	<filename>BikesHelmets127_png_jpg.rf.a9416a7ebe2420d6a0701d24272c7b2e.jpg</filename>
	<path>D:\helmet detector\data (1)\train\BikesHelmets127_png_jpg.rf.a9416a7ebe2420d6a0701d24272c7b2e.jpg</path>
	<source>
		<database>Unknown</database>
	</source>
	<size>
		<width>416</width>
		<height>416</height>
		<depth>3</depth>
	</size>
	<segmented>0</segmented>
	<object>
		<name>Helmet</name>
		<pose>Unspecified</pose>
		<truncated>0</truncated>
		<difficult>0</difficult>
		<bndbox>
			<xmin>79</xmin>
			<ymin>23</ymin>
			<xmax>197</xmax>
			<ymax>116</ymax>
		</bndbox>
	</object>
</annotation>
