<annotation>
	<folder>train</folder>
	<filename>BikesHelmets22_png_jpg.rf.1a0963e4267461fcfbad311ac115979a.jpg</filename>
	<path>D:\helmet detector\data (1)\train\BikesHelmets22_png_jpg.rf.1a0963e4267461fcfbad311ac115979a.jpg</path>
	<source>
		<database>Unknown</database>
	</source>
	<size>
		<width>416</width>
		<height>416</height>
		<depth>3</depth>
	</size>
	<segmented>0</segmented>
	<object>
		<name>Helmet</name>
		<pose>Unspecified</pose>
		<truncated>0</truncated>
		<difficult>0</difficult>
		<bndbox>
			<xmin>136</xmin>
			<ymin>2</ymin>
			<xmax>191</xmax>
			<ymax>75</ymax>
		</bndbox>
	</object>
	<object>
		<name>Helmet</name>
		<pose>Unspecified</pose>
		<truncated>0</truncated>
		<difficult>0</difficult>
		<bndbox>
			<xmin>196</xmin>
			<ymin>15</ymin>
			<xmax>249</xmax>
			<ymax>98</ymax>
		</bndbox>
	</object>
</annotation>
