<annotation>
	<folder>train</folder>
	<filename>BikesHelmets126_png_jpg.rf.9af0d52cc17f75e76d04bfcaeba40930.jpg</filename>
	<path>D:\helmet detector\data (1)\train\BikesHelmets126_png_jpg.rf.9af0d52cc17f75e76d04bfcaeba40930.jpg</path>
	<source>
		<database>Unknown</database>
	</source>
	<size>
		<width>416</width>
		<height>416</height>
		<depth>3</depth>
	</size>
	<segmented>0</segmented>
	<object>
		<name>Helmet</name>
		<pose>Unspecified</pose>
		<truncated>0</truncated>
		<difficult>0</difficult>
		<bndbox>
			<xmin>49</xmin>
			<ymin>152</ymin>
			<xmax>80</xmax>
			<ymax>193</ymax>
		</bndbox>
	</object>
	<object>
		<name>Helmet</name>
		<pose>Unspecified</pose>
		<truncated>0</truncated>
		<difficult>0</difficult>
		<bndbox>
			<xmin>127</xmin>
			<ymin>155</ymin>
			<xmax>163</xmax>
			<ymax>209</ymax>
		</bndbox>
	</object>
	<object>
		<name>Helmet</name>
		<pose>Unspecified</pose>
		<truncated>0</truncated>
		<difficult>0</difficult>
		<bndbox>
			<xmin>192</xmin>
			<ymin>131</ymin>
			<xmax>216</xmax>
			<ymax>180</ymax>
		</bndbox>
	</object>
	<object>
		<name>Helmet</name>
		<pose>Unspecified</pose>
		<truncated>0</truncated>
		<difficult>0</difficult>
		<bndbox>
			<xmin>256</xmin>
			<ymin>143</ymin>
			<xmax>285</xmax>
			<ymax>194</ymax>
		</bndbox>
	</object>
	<object>
		<name>Helmet</name>
		<pose>Unspecified</pose>
		<truncated>0</truncated>
		<difficult>0</difficult>
		<bndbox>
			<xmin>332</xmin>
			<ymin>123</ymin>
			<xmax>358</xmax>
			<ymax>165</ymax>
		</bndbox>
	</object>
</annotation>
