<annotation>
	<folder>train</folder>
	<filename>BikesHelmets278_png_jpg.rf.3e4183af73e5b56f59217db2e30b40af.jpg</filename>
	<path>D:\helmet detector\data (1)\train\BikesHelmets278_png_jpg.rf.3e4183af73e5b56f59217db2e30b40af.jpg</path>
	<source>
		<database>Unknown</database>
	</source>
	<size>
		<width>416</width>
		<height>416</height>
		<depth>3</depth>
	</size>
	<segmented>0</segmented>
	<object>
		<name>Helmet</name>
		<pose>Unspecified</pose>
		<truncated>0</truncated>
		<difficult>0</difficult>
		<bndbox>
			<xmin>202</xmin>
			<ymin>24</ymin>
			<xmax>258</xmax>
			<ymax>104</ymax>
		</bndbox>
	</object>
</annotation>
