<annotation>
	<folder>train</folder>
	<filename>BikesHelmets116_png_jpg.rf.01d90541230fc0b5bbcbdbdb663e0fac.jpg</filename>
	<path>D:\helmet detector\data (1)\train\BikesHelmets116_png_jpg.rf.01d90541230fc0b5bbcbdbdb663e0fac.jpg</path>
	<source>
		<database>Unknown</database>
	</source>
	<size>
		<width>416</width>
		<height>416</height>
		<depth>3</depth>
	</size>
	<segmented>0</segmented>
	<object>
		<name>No Helmet</name>
		<pose>Unspecified</pose>
		<truncated>0</truncated>
		<difficult>0</difficult>
		<bndbox>
			<xmin>31</xmin>
			<ymin>144</ymin>
			<xmax>47</xmax>
			<ymax>171</ymax>
		</bndbox>
	</object>
	<object>
		<name>No Helmet</name>
		<pose>Unspecified</pose>
		<truncated>0</truncated>
		<difficult>0</difficult>
		<bndbox>
			<xmin>98</xmin>
			<ymin>157</ymin>
			<xmax>120</xmax>
			<ymax>185</ymax>
		</bndbox>
	</object>
	<object>
		<name>No Helmet</name>
		<pose>Unspecified</pose>
		<truncated>0</truncated>
		<difficult>0</difficult>
		<bndbox>
			<xmin>176</xmin>
			<ymin>166</ymin>
			<xmax>193</xmax>
			<ymax>193</ymax>
		</bndbox>
	</object>
	<object>
		<name>No Helmet</name>
		<pose>Unspecified</pose>
		<truncated>0</truncated>
		<difficult>0</difficult>
		<bndbox>
			<xmin>201</xmin>
			<ymin>151</ymin>
			<xmax>214</xmax>
			<ymax>179</ymax>
		</bndbox>
	</object>
	<object>
		<name>No Helmet</name>
		<pose>Unspecified</pose>
		<truncated>0</truncated>
		<difficult>0</difficult>
		<bndbox>
			<xmin>263</xmin>
			<ymin>152</ymin>
			<xmax>282</xmax>
			<ymax>183</ymax>
		</bndbox>
	</object>
	<object>
		<name>Helmet</name>
		<pose>Unspecified</pose>
		<truncated>0</truncated>
		<difficult>0</difficult>
		<bndbox>
			<xmin>297</xmin>
			<ymin>160</ymin>
			<xmax>310</xmax>
			<ymax>187</ymax>
		</bndbox>
	</object>
	<object>
		<name>Helmet</name>
		<pose>Unspecified</pose>
		<truncated>0</truncated>
		<difficult>0</difficult>
		<bndbox>
			<xmin>379</xmin>
			<ymin>153</ymin>
			<xmax>401</xmax>
			<ymax>193</ymax>
		</bndbox>
	</object>
</annotation>
