<annotation>
	<folder>train</folder>
	<filename>BikesHelmets136_png_jpg.rf.e90e27f51b9301a7544f262b60482f61.jpg</filename>
	<path>D:\helmet detector\data (1)\train\BikesHelmets136_png_jpg.rf.e90e27f51b9301a7544f262b60482f61.jpg</path>
	<source>
		<database>Unknown</database>
	</source>
	<size>
		<width>416</width>
		<height>416</height>
		<depth>3</depth>
	</size>
	<segmented>0</segmented>
	<object>
		<name>Helmet</name>
		<pose>Unspecified</pose>
		<truncated>0</truncated>
		<difficult>0</difficult>
		<bndbox>
			<xmin>192</xmin>
			<ymin>27</ymin>
			<xmax>241</xmax>
			<ymax>126</ymax>
		</bndbox>
	</object>
</annotation>
