<annotation>
	<folder>train</folder>
	<filename>BikesHelmets109_png_jpg.rf.053c9f02a4f727bd9ab002d1d2c82e67.jpg</filename>
	<path>D:\helmet detector\data (1)\train\BikesHelmets109_png_jpg.rf.053c9f02a4f727bd9ab002d1d2c82e67.jpg</path>
	<source>
		<database>Unknown</database>
	</source>
	<size>
		<width>416</width>
		<height>416</height>
		<depth>3</depth>
	</size>
	<segmented>0</segmented>
	<object>
		<name>Helmet</name>
		<pose>Unspecified</pose>
		<truncated>0</truncated>
		<difficult>0</difficult>
		<bndbox>
			<xmin>66</xmin>
			<ymin>94</ymin>
			<xmax>148</xmax>
			<ymax>148</ymax>
		</bndbox>
	</object>
</annotation>
