<annotation>
	<folder>train</folder>
	<filename>BikesHelmets20_png_jpg.rf.ca73da734658c325b98c48048a20671e.jpg</filename>
	<path>D:\helmet detector\data (1)\train\BikesHelmets20_png_jpg.rf.ca73da734658c325b98c48048a20671e.jpg</path>
	<source>
		<database>Unknown</database>
	</source>
	<size>
		<width>416</width>
		<height>416</height>
		<depth>3</depth>
	</size>
	<segmented>0</segmented>
	<object>
		<name>Helmet</name>
		<pose>Unspecified</pose>
		<truncated>0</truncated>
		<difficult>0</difficult>
		<bndbox>
			<xmin>128</xmin>
			<ymin>118</ymin>
			<xmax>218</xmax>
			<ymax>195</ymax>
		</bndbox>
	</object>
	<object>
		<name>Helmet</name>
		<pose>Unspecified</pose>
		<truncated>0</truncated>
		<difficult>0</difficult>
		<bndbox>
			<xmin>214</xmin>
			<ymin>167</ymin>
			<xmax>381</xmax>
			<ymax>307</ymax>
		</bndbox>
	</object>
</annotation>
