<annotation>
	<folder>valid</folder>
	<filename>BikesHelmets206_png_jpg.rf.b16da058257f4de10149dd629650274e.jpg</filename>
	<path>D:\helmet detector\data (1)\valid\BikesHelmets206_png_jpg.rf.b16da058257f4de10149dd629650274e.jpg</path>
	<source>
		<database>Unknown</database>
	</source>
	<size>
		<width>416</width>
		<height>416</height>
		<depth>3</depth>
	</size>
	<segmented>0</segmented>
	<object>
		<name>Helmet</name>
		<pose>Unspecified</pose>
		<truncated>0</truncated>
		<difficult>0</difficult>
		<bndbox>
			<xmin>139</xmin>
			<ymin>11</ymin>
			<xmax>315</xmax>
			<ymax>181</ymax>
		</bndbox>
	</object>
</annotation>
