<annotation>
	<folder>valid</folder>
	<filename>BikesHelmets135_png_jpg.rf.9785af6e149b2e99340b120792902e43.jpg</filename>
	<path>D:\helmet detector\data (1)\valid\BikesHelmets135_png_jpg.rf.9785af6e149b2e99340b120792902e43.jpg</path>
	<source>
		<database>Unknown</database>
	</source>
	<size>
		<width>416</width>
		<height>416</height>
		<depth>3</depth>
	</size>
	<segmented>0</segmented>
	<object>
		<name>Helmet</name>
		<pose>Unspecified</pose>
		<truncated>0</truncated>
		<difficult>0</difficult>
		<bndbox>
			<xmin>66</xmin>
			<ymin>9</ymin>
			<xmax>169</xmax>
			<ymax>102</ymax>
		</bndbox>
	</object>
	<object>
		<name>Helmet</name>
		<pose>Unspecified</pose>
		<truncated>0</truncated>
		<difficult>0</difficult>
		<bndbox>
			<xmin>160</xmin>
			<ymin>8</ymin>
			<xmax>258</xmax>
			<ymax>97</ymax>
		</bndbox>
	</object>
</annotation>
