<annotation>
	<folder>valid</folder>
	<filename>BikesHelmets303_png_jpg.rf.a3c75d42bd88e206a7825feb55ca87fd.jpg</filename>
	<path>D:\helmet detector\data (1)\valid\BikesHelmets303_png_jpg.rf.a3c75d42bd88e206a7825feb55ca87fd.jpg</path>
	<source>
		<database>Unknown</database>
	</source>
	<size>
		<width>416</width>
		<height>416</height>
		<depth>3</depth>
	</size>
	<segmented>0</segmented>
	<object>
		<name>Helmet</name>
		<pose>Unspecified</pose>
		<truncated>0</truncated>
		<difficult>0</difficult>
		<bndbox>
			<xmin>69</xmin>
			<ymin>189</ymin>
			<xmax>96</xmax>
			<ymax>231</ymax>
		</bndbox>
	</object>
	<object>
		<name>Helmet</name>
		<pose>Unspecified</pose>
		<truncated>0</truncated>
		<difficult>0</difficult>
		<bndbox>
			<xmin>204</xmin>
			<ymin>193</ymin>
			<xmax>232</xmax>
			<ymax>239</ymax>
		</bndbox>
	</object>
	<object>
		<name>Helmet</name>
		<pose>Unspecified</pose>
		<truncated>0</truncated>
		<difficult>0</difficult>
		<bndbox>
			<xmin>268</xmin>
			<ymin>203</ymin>
			<xmax>288</xmax>
			<ymax>245</ymax>
		</bndbox>
	</object>
	<object>
		<name>Helmet</name>
		<pose>Unspecified</pose>
		<truncated>0</truncated>
		<difficult>0</difficult>
		<bndbox>
			<xmin>296</xmin>
			<ymin>198</ymin>
			<xmax>313</xmax>
			<ymax>240</ymax>
		</bndbox>
	</object>
	<object>
		<name>Helmet</name>
		<pose>Unspecified</pose>
		<truncated>0</truncated>
		<difficult>0</difficult>
		<bndbox>
			<xmin>349</xmin>
			<ymin>217</ymin>
			<xmax>362</xmax>
			<ymax>243</ymax>
		</bndbox>
	</object>
	<object>
		<name>No Helmet</name>
		<pose>Unspecified</pose>
		<truncated>0</truncated>
		<difficult>0</difficult>
		<bndbox>
			<xmin>113</xmin>
			<ymin>195</ymin>
			<xmax>137</xmax>
			<ymax>235</ymax>
		</bndbox>
	</object>
	<object>
		<name>No Helmet</name>
		<pose>Unspecified</pose>
		<truncated>0</truncated>
		<difficult>0</difficult>
		<bndbox>
			<xmin>241</xmin>
			<ymin>207</ymin>
			<xmax>260</xmax>
			<ymax>245</ymax>
		</bndbox>
	</object>
</annotation>
