<annotation>
	<folder>train</folder>
	<filename>BikesHelmets251_png_jpg.rf.0d19940d2bf86a0a04e6253e615ee32e.jpg</filename>
	<path>D:\helmet detector\data (1)\train\BikesHelmets251_png_jpg.rf.0d19940d2bf86a0a04e6253e615ee32e.jpg</path>
	<source>
		<database>Unknown</database>
	</source>
	<size>
		<width>416</width>
		<height>416</height>
		<depth>3</depth>
	</size>
	<segmented>0</segmented>
	<object>
		<name>No Helmet</name>
		<pose>Unspecified</pose>
		<truncated>0</truncated>
		<difficult>0</difficult>
		<bndbox>
			<xmin>147</xmin>
			<ymin>9</ymin>
			<xmax>196</xmax>
			<ymax>85</ymax>
		</bndbox>
	</object>
</annotation>
