<annotation>
	<folder>train</folder>
	<filename>BikesHelmets211_png_jpg.rf.b6d4661d78607ba26bb3553135e8bd7e.jpg</filename>
	<path>D:\helmet detector\data (1)\train\BikesHelmets211_png_jpg.rf.b6d4661d78607ba26bb3553135e8bd7e.jpg</path>
	<source>
		<database>Unknown</database>
	</source>
	<size>
		<width>416</width>
		<height>416</height>
		<depth>3</depth>
	</size>
	<segmented>0</segmented>
	<object>
		<name>Helmet</name>
		<pose>Unspecified</pose>
		<truncated>0</truncated>
		<difficult>0</difficult>
		<bndbox>
			<xmin>164</xmin>
			<ymin>28</ymin>
			<xmax>231</xmax>
			<ymax>128</ymax>
		</bndbox>
	</object>
</annotation>
