<annotation>
	<folder>train</folder>
	<filename>BikesHelmets175_png_jpg.rf.9767bbda238ad4628ea015ecdf7d45a5.jpg</filename>
	<path>D:\helmet detector\data (1)\train\BikesHelmets175_png_jpg.rf.9767bbda238ad4628ea015ecdf7d45a5.jpg</path>
	<source>
		<database>Unknown</database>
	</source>
	<size>
		<width>416</width>
		<height>416</height>
		<depth>3</depth>
	</size>
	<segmented>0</segmented>
	<object>
		<name>No Helmet</name>
		<pose>Unspecified</pose>
		<truncated>0</truncated>
		<difficult>0</difficult>
		<bndbox>
			<xmin>198</xmin>
			<ymin>101</ymin>
			<xmax>234</xmax>
			<ymax>149</ymax>
		</bndbox>
	</object>
	<object>
		<name>No Helmet</name>
		<pose>Unspecified</pose>
		<truncated>0</truncated>
		<difficult>0</difficult>
		<bndbox>
			<xmin>228</xmin>
			<ymin>83</ymin>
			<xmax>252</xmax>
			<ymax>133</ymax>
		</bndbox>
	</object>
	<object>
		<name>No Helmet</name>
		<pose>Unspecified</pose>
		<truncated>0</truncated>
		<difficult>0</difficult>
		<bndbox>
			<xmin>364</xmin>
			<ymin>60</ymin>
			<xmax>388</xmax>
			<ymax>93</ymax>
		</bndbox>
	</object>
</annotation>
