<annotation>
	<folder>train</folder>
	<filename>BikesHelmets115_png_jpg.rf.5fad12fe705b357138a14a67deab84c5.jpg</filename>
	<path>D:\helmet detector\data (1)\train\BikesHelmets115_png_jpg.rf.5fad12fe705b357138a14a67deab84c5.jpg</path>
	<source>
		<database>Unknown</database>
	</source>
	<size>
		<width>416</width>
		<height>416</height>
		<depth>3</depth>
	</size>
	<segmented>0</segmented>
	<object>
		<name>Helmet</name>
		<pose>Unspecified</pose>
		<truncated>0</truncated>
		<difficult>0</difficult>
		<bndbox>
			<xmin>79</xmin>
			<ymin>117</ymin>
			<xmax>114</xmax>
			<ymax>166</ymax>
		</bndbox>
	</object>
	<object>
		<name>Helmet</name>
		<pose>Unspecified</pose>
		<truncated>0</truncated>
		<difficult>0</difficult>
		<bndbox>
			<xmin>196</xmin>
			<ymin>144</ymin>
			<xmax>224</xmax>
			<ymax>175</ymax>
		</bndbox>
	</object>
	<object>
		<name>Helmet</name>
		<pose>Unspecified</pose>
		<truncated>0</truncated>
		<difficult>0</difficult>
		<bndbox>
			<xmin>242</xmin>
			<ymin>151</ymin>
			<xmax>259</xmax>
			<ymax>176</ymax>
		</bndbox>
	</object>
	<object>
		<name>Helmet</name>
		<pose>Unspecified</pose>
		<truncated>0</truncated>
		<difficult>0</difficult>
		<bndbox>
			<xmin>291</xmin>
			<ymin>159</ymin>
			<xmax>304</xmax>
			<ymax>178</ymax>
		</bndbox>
	</object>
	<object>
		<name>Helmet</name>
		<pose>Unspecified</pose>
		<truncated>0</truncated>
		<difficult>0</difficult>
		<bndbox>
			<xmin>308</xmin>
			<ymin>157</ymin>
			<xmax>316</xmax>
			<ymax>173</ymax>
		</bndbox>
	</object>
	<object>
		<name>Helmet</name>
		<pose>Unspecified</pose>
		<truncated>0</truncated>
		<difficult>0</difficult>
		<bndbox>
			<xmin>348</xmin>
			<ymin>155</ymin>
			<xmax>358</xmax>
			<ymax>168</ymax>
		</bndbox>
	</object>
</annotation>
