<annotation>
	<folder>train</folder>
	<filename>BikesHelmets101_png_jpg.rf.8007b2cd0b183f1ca7e3785cea45ee3d.jpg</filename>
	<path>D:\helmet detector\data (1)\train\BikesHelmets101_png_jpg.rf.8007b2cd0b183f1ca7e3785cea45ee3d.jpg</path>
	<source>
		<database>Unknown</database>
	</source>
	<size>
		<width>416</width>
		<height>416</height>
		<depth>3</depth>
	</size>
	<segmented>0</segmented>
	<object>
		<name>Helmet</name>
		<pose>Unspecified</pose>
		<truncated>0</truncated>
		<difficult>0</difficult>
		<bndbox>
			<xmin>237</xmin>
			<ymin>8</ymin>
			<xmax>276</xmax>
			<ymax>73</ymax>
		</bndbox>
	</object>
</annotation>
