<annotation>
	<folder>valid</folder>
	<filename>BikesHelmets216_png_jpg.rf.6d3be7e70c143030ebaeda3a44fd56b1.jpg</filename>
	<path>D:\helmet detector\data (1)\valid\BikesHelmets216_png_jpg.rf.6d3be7e70c143030ebaeda3a44fd56b1.jpg</path>
	<source>
		<database>Unknown</database>
	</source>
	<size>
		<width>416</width>
		<height>416</height>
		<depth>3</depth>
	</size>
	<segmented>0</segmented>
	<object>
		<name>No Helmet</name>
		<pose>Unspecified</pose>
		<truncated>0</truncated>
		<difficult>0</difficult>
		<bndbox>
			<xmin>176</xmin>
			<ymin>8</ymin>
			<xmax>232</xmax>
			<ymax>136</ymax>
		</bndbox>
	</object>
</annotation>
