<annotation>
	<folder>train</folder>
	<filename>BikesHelmets202_png_jpg.rf.6456114e703dc712f363a879c9c847e7.jpg</filename>
	<path>D:\helmet detector\data (1)\train\BikesHelmets202_png_jpg.rf.6456114e703dc712f363a879c9c847e7.jpg</path>
	<source>
		<database>Unknown</database>
	</source>
	<size>
		<width>416</width>
		<height>416</height>
		<depth>3</depth>
	</size>
	<segmented>0</segmented>
	<object>
		<name>Helmet</name>
		<pose>Unspecified</pose>
		<truncated>0</truncated>
		<difficult>0</difficult>
		<bndbox>
			<xmin>133</xmin>
			<ymin>73</ymin>
			<xmax>166</xmax>
			<ymax>120</ymax>
		</bndbox>
	</object>
	<object>
		<name>Helmet</name>
		<pose>Unspecified</pose>
		<truncated>0</truncated>
		<difficult>0</difficult>
		<bndbox>
			<xmin>293</xmin>
			<ymin>88</ymin>
			<xmax>344</xmax>
			<ymax>147</ymax>
		</bndbox>
	</object>
</annotation>
