<annotation>
	<folder>train</folder>
	<filename>BikesHelmets288_png_jpg.rf.0d7ba9ee224252ba3cc11c119fc7da24.jpg</filename>
	<path>D:\helmet detector\data (1)\train\BikesHelmets288_png_jpg.rf.0d7ba9ee224252ba3cc11c119fc7da24.jpg</path>
	<source>
		<database>Unknown</database>
	</source>
	<size>
		<width>416</width>
		<height>416</height>
		<depth>3</depth>
	</size>
	<segmented>0</segmented>
	<object>
		<name>Helmet</name>
		<pose>Unspecified</pose>
		<truncated>0</truncated>
		<difficult>0</difficult>
		<bndbox>
			<xmin>281</xmin>
			<ymin>5</ymin>
			<xmax>340</xmax>
			<ymax>78</ymax>
		</bndbox>
	</object>
</annotation>
