<annotation>
	<folder>valid</folder>
	<filename>BikesHelmets140_png_jpg.rf.a0ef74b0613f22424b27da1b1824b599.jpg</filename>
	<path>D:\helmet detector\data (1)\valid\BikesHelmets140_png_jpg.rf.a0ef74b0613f22424b27da1b1824b599.jpg</path>
	<source>
		<database>Unknown</database>
	</source>
	<size>
		<width>416</width>
		<height>416</height>
		<depth>3</depth>
	</size>
	<segmented>0</segmented>
	<object>
		<name>No Helmet</name>
		<pose>Unspecified</pose>
		<truncated>0</truncated>
		<difficult>0</difficult>
		<bndbox>
			<xmin>194</xmin>
			<ymin>16</ymin>
			<xmax>287</xmax>
			<ymax>171</ymax>
		</bndbox>
	</object>
	<object>
		<name>No Helmet</name>
		<pose>Unspecified</pose>
		<truncated>0</truncated>
		<difficult>0</difficult>
		<bndbox>
			<xmin>280</xmin>
			<ymin>6</ymin>
			<xmax>372</xmax>
			<ymax>169</ymax>
		</bndbox>
	</object>
</annotation>
