<annotation>
	<folder>train</folder>
	<filename>BikesHelmets242_png_jpg.rf.04e2eee51c4bcb9f0cb5b94235af259a.jpg</filename>
	<path>D:\helmet detector\data (1)\train\BikesHelmets242_png_jpg.rf.04e2eee51c4bcb9f0cb5b94235af259a.jpg</path>
	<source>
		<database>Unknown</database>
	</source>
	<size>
		<width>416</width>
		<height>416</height>
		<depth>3</depth>
	</size>
	<segmented>0</segmented>
	<object>
		<name>Helmet</name>
		<pose>Unspecified</pose>
		<truncated>0</truncated>
		<difficult>0</difficult>
		<bndbox>
			<xmin>197</xmin>
			<ymin>57</ymin>
			<xmax>241</xmax>
			<ymax>120</ymax>
		</bndbox>
	</object>
</annotation>
