<annotation>
	<folder>train</folder>
	<filename>BikesHelmets142_png_jpg.rf.32ac034c53babcf72f0ed42ec8c26987.jpg</filename>
	<path>D:\helmet detector\data (1)\train\BikesHelmets142_png_jpg.rf.32ac034c53babcf72f0ed42ec8c26987.jpg</path>
	<source>
		<database>Unknown</database>
	</source>
	<size>
		<width>416</width>
		<height>416</height>
		<depth>3</depth>
	</size>
	<segmented>0</segmented>
	<object>
		<name>No Helmet</name>
		<pose>Unspecified</pose>
		<truncated>0</truncated>
		<difficult>0</difficult>
		<bndbox>
			<xmin>202</xmin>
			<ymin>203</ymin>
			<xmax>246</xmax>
			<ymax>275</ymax>
		</bndbox>
	</object>
	<object>
		<name>Helmet</name>
		<pose>Unspecified</pose>
		<truncated>0</truncated>
		<difficult>0</difficult>
		<bndbox>
			<xmin>72</xmin>
			<ymin>88</ymin>
			<xmax>161</xmax>
			<ymax>247</ymax>
		</bndbox>
	</object>
</annotation>
