<annotation>
	<folder>test</folder>
	<filename>BikesHelmets301_png_jpg.rf.c9292d2f34584ad42a024c5510388dcf.jpg</filename>
	<path>D:\helmet detector\data (1)\test\BikesHelmets301_png_jpg.rf.c9292d2f34584ad42a024c5510388dcf.jpg</path>
	<source>
		<database>Unknown</database>
	</source>
	<size>
		<width>416</width>
		<height>416</height>
		<depth>3</depth>
	</size>
	<segmented>0</segmented>
	<object>
		<name>Helmet</name>
		<pose>Unspecified</pose>
		<truncated>0</truncated>
		<difficult>0</difficult>
		<bndbox>
			<xmin>151</xmin>
			<ymin>44</ymin>
			<xmax>255</xmax>
			<ymax>129</ymax>
		</bndbox>
	</object>
</annotation>
