<annotation>
	<folder>train</folder>
	<filename>BikesHelmets120_png_jpg.rf.800ad01af0113f6fdc4fa071742ea1a7.jpg</filename>
	<path>D:\helmet detector\data (1)\train\BikesHelmets120_png_jpg.rf.800ad01af0113f6fdc4fa071742ea1a7.jpg</path>
	<source>
		<database>Unknown</database>
	</source>
	<size>
		<width>416</width>
		<height>416</height>
		<depth>3</depth>
	</size>
	<segmented>0</segmented>
	<object>
		<name>Helmet</name>
		<pose>Unspecified</pose>
		<truncated>1</truncated>
		<difficult>0</difficult>
		<bndbox>
			<xmin>171</xmin>
			<ymin>1</ymin>
			<xmax>220</xmax>
			<ymax>77</ymax>
		</bndbox>
	</object>
</annotation>
