<annotation>
	<folder>train</folder>
	<filename>BikesHelmets115_png_jpg.rf.9a31088ac9dccd3c0085fc72ddbf2cb0.jpg</filename>
	<path>D:\helmet detector\data (1)\train\BikesHelmets115_png_jpg.rf.9a31088ac9dccd3c0085fc72ddbf2cb0.jpg</path>
	<source>
		<database>Unknown</database>
	</source>
	<size>
		<width>416</width>
		<height>416</height>
		<depth>3</depth>
	</size>
	<segmented>0</segmented>
	<object>
		<name>Helmet</name>
		<pose>Unspecified</pose>
		<truncated>0</truncated>
		<difficult>0</difficult>
		<bndbox>
			<xmin>76</xmin>
			<ymin>115</ymin>
			<xmax>116</xmax>
			<ymax>170</ymax>
		</bndbox>
	</object>
	<object>
		<name>Helmet</name>
		<pose>Unspecified</pose>
		<truncated>0</truncated>
		<difficult>0</difficult>
		<bndbox>
			<xmin>196</xmin>
			<ymin>143</ymin>
			<xmax>221</xmax>
			<ymax>176</ymax>
		</bndbox>
	</object>
	<object>
		<name>Helmet</name>
		<pose>Unspecified</pose>
		<truncated>0</truncated>
		<difficult>0</difficult>
		<bndbox>
			<xmin>240</xmin>
			<ymin>151</ymin>
			<xmax>260</xmax>
			<ymax>177</ymax>
		</bndbox>
	</object>
	<object>
		<name>Helmet</name>
		<pose>Unspecified</pose>
		<truncated>0</truncated>
		<difficult>0</difficult>
		<bndbox>
			<xmin>291</xmin>
			<ymin>159</ymin>
			<xmax>306</xmax>
			<ymax>176</ymax>
		</bndbox>
	</object>
	<object>
		<name>Helmet</name>
		<pose>Unspecified</pose>
		<truncated>0</truncated>
		<difficult>0</difficult>
		<bndbox>
			<xmin>348</xmin>
			<ymin>156</ymin>
			<xmax>356</xmax>
			<ymax>167</ymax>
		</bndbox>
	</object>
</annotation>
