<annotation>
	<folder>valid</folder>
	<filename>BikesHelmets201_png_jpg.rf.564f31af1871901a60772868d33375bf.jpg</filename>
	<path>D:\helmet detector\data (1)\valid\BikesHelmets201_png_jpg.rf.564f31af1871901a60772868d33375bf.jpg</path>
	<source>
		<database>Unknown</database>
	</source>
	<size>
		<width>416</width>
		<height>416</height>
		<depth>3</depth>
	</size>
	<segmented>0</segmented>
	<object>
		<name>No Helmet</name>
		<pose>Unspecified</pose>
		<truncated>0</truncated>
		<difficult>0</difficult>
		<bndbox>
			<xmin>123</xmin>
			<ymin>78</ymin>
			<xmax>169</xmax>
			<ymax>149</ymax>
		</bndbox>
	</object>
</annotation>
