<annotation>
	<folder>valid</folder>
	<filename>BikesHelmets105_png_jpg.rf.dd9c24164890a6d12e366ee8bf550e7f.jpg</filename>
	<path>D:\helmet detector\data (1)\valid\BikesHelmets105_png_jpg.rf.dd9c24164890a6d12e366ee8bf550e7f.jpg</path>
	<source>
		<database>Unknown</database>
	</source>
	<size>
		<width>416</width>
		<height>416</height>
		<depth>3</depth>
	</size>
	<segmented>0</segmented>
	<object>
		<name>Helmet</name>
		<pose>Unspecified</pose>
		<truncated>1</truncated>
		<difficult>0</difficult>
		<bndbox>
			<xmin>150</xmin>
			<ymin>1</ymin>
			<xmax>210</xmax>
			<ymax>86</ymax>
		</bndbox>
	</object>
</annotation>
