<annotation>
	<folder>train</folder>
	<filename>BikesHelmets141_png_jpg.rf.dad0b6f201d481c0691e78eb2e91392a.jpg</filename>
	<path>D:\helmet detector\data (1)\train\BikesHelmets141_png_jpg.rf.dad0b6f201d481c0691e78eb2e91392a.jpg</path>
	<source>
		<database>Unknown</database>
	</source>
	<size>
		<width>416</width>
		<height>416</height>
		<depth>3</depth>
	</size>
	<segmented>0</segmented>
	<object>
		<name>Helmet</name>
		<pose>Unspecified</pose>
		<truncated>1</truncated>
		<difficult>0</difficult>
		<bndbox>
			<xmin>1</xmin>
			<ymin>1</ymin>
			<xmax>120</xmax>
			<ymax>340</ymax>
		</bndbox>
	</object>
	<object>
		<name>Helmet</name>
		<pose>Unspecified</pose>
		<truncated>0</truncated>
		<difficult>0</difficult>
		<bndbox>
			<xmin>284</xmin>
			<ymin>123</ymin>
			<xmax>314</xmax>
			<ymax>179</ymax>
		</bndbox>
	</object>
</annotation>
