<annotation>
	<folder>train</folder>
	<filename>BikesHelmets192_png_jpg.rf.ee64ae196714c34290db7d94295ce68d.jpg</filename>
	<path>D:\helmet detector\data (1)\train\BikesHelmets192_png_jpg.rf.ee64ae196714c34290db7d94295ce68d.jpg</path>
	<source>
		<database>Unknown</database>
	</source>
	<size>
		<width>416</width>
		<height>416</height>
		<depth>3</depth>
	</size>
	<segmented>0</segmented>
	<object>
		<name>No Helmet</name>
		<pose>Unspecified</pose>
		<truncated>0</truncated>
		<difficult>0</difficult>
		<bndbox>
			<xmin>162</xmin>
			<ymin>77</ymin>
			<xmax>207</xmax>
			<ymax>177</ymax>
		</bndbox>
	</object>
</annotation>
