<annotation>
	<folder>train</folder>
	<filename>BikesHelmets233_png_jpg.rf.8a46fd8e940663fe139a2a5410095138.jpg</filename>
	<path>D:\helmet detector\data (1)\train\BikesHelmets233_png_jpg.rf.8a46fd8e940663fe139a2a5410095138.jpg</path>
	<source>
		<database>Unknown</database>
	</source>
	<size>
		<width>416</width>
		<height>416</height>
		<depth>3</depth>
	</size>
	<segmented>0</segmented>
	<object>
		<name>Helmet</name>
		<pose>Unspecified</pose>
		<truncated>0</truncated>
		<difficult>0</difficult>
		<bndbox>
			<xmin>80</xmin>
			<ymin>10</ymin>
			<xmax>134</xmax>
			<ymax>99</ymax>
		</bndbox>
	</object>
	<object>
		<name>Helmet</name>
		<pose>Unspecified</pose>
		<truncated>0</truncated>
		<difficult>0</difficult>
		<bndbox>
			<xmin>144</xmin>
			<ymin>10</ymin>
			<xmax>192</xmax>
			<ymax>85</ymax>
		</bndbox>
	</object>
</annotation>
