<annotation>
	<folder>train</folder>
	<filename>BikesHelmets229_png_jpg.rf.aad7edf355e3ee4a1f5f0ef878d1d3dc.jpg</filename>
	<path>D:\helmet detector\data (1)\train\BikesHelmets229_png_jpg.rf.aad7edf355e3ee4a1f5f0ef878d1d3dc.jpg</path>
	<source>
		<database>Unknown</database>
	</source>
	<size>
		<width>416</width>
		<height>416</height>
		<depth>3</depth>
	</size>
	<segmented>0</segmented>
	<object>
		<name>Helmet</name>
		<pose>Unspecified</pose>
		<truncated>0</truncated>
		<difficult>0</difficult>
		<bndbox>
			<xmin>142</xmin>
			<ymin>33</ymin>
			<xmax>192</xmax>
			<ymax>108</ymax>
		</bndbox>
	</object>
</annotation>
