<annotation>
	<folder>train</folder>
	<filename>BikesHelmets158_png_jpg.rf.2962e8705a7ddaedc374d6143f5ee30e.jpg</filename>
	<path>D:\helmet detector\data (1)\train\BikesHelmets158_png_jpg.rf.2962e8705a7ddaedc374d6143f5ee30e.jpg</path>
	<source>
		<database>Unknown</database>
	</source>
	<size>
		<width>416</width>
		<height>416</height>
		<depth>3</depth>
	</size>
	<segmented>0</segmented>
	<object>
		<name>Helmet</name>
		<pose>Unspecified</pose>
		<truncated>0</truncated>
		<difficult>0</difficult>
		<bndbox>
			<xmin>146</xmin>
			<ymin>8</ymin>
			<xmax>196</xmax>
			<ymax>91</ymax>
		</bndbox>
	</object>
</annotation>
