<annotation>
	<folder>train</folder>
	<filename>BikesHelmets175_png_jpg.rf.23a2ff5e9bde165828524973b057316d.jpg</filename>
	<path>D:\helmet detector\data (1)\train\BikesHelmets175_png_jpg.rf.23a2ff5e9bde165828524973b057316d.jpg</path>
	<source>
		<database>Unknown</database>
	</source>
	<size>
		<width>416</width>
		<height>416</height>
		<depth>3</depth>
	</size>
	<segmented>0</segmented>
	<object>
		<name>No Helmet</name>
		<pose>Unspecified</pose>
		<truncated>0</truncated>
		<difficult>0</difficult>
		<bndbox>
			<xmin>200</xmin>
			<ymin>98</ymin>
			<xmax>232</xmax>
			<ymax>147</ymax>
		</bndbox>
	</object>
	<object>
		<name>No Helmet</name>
		<pose>Unspecified</pose>
		<truncated>0</truncated>
		<difficult>0</difficult>
		<bndbox>
			<xmin>229</xmin>
			<ymin>84</ymin>
			<xmax>255</xmax>
			<ymax>131</ymax>
		</bndbox>
	</object>
	<object>
		<name>No Helmet</name>
		<pose>Unspecified</pose>
		<truncated>0</truncated>
		<difficult>0</difficult>
		<bndbox>
			<xmin>363</xmin>
			<ymin>60</ymin>
			<xmax>389</xmax>
			<ymax>95</ymax>
		</bndbox>
	</object>
</annotation>
