<annotation>
	<folder>train</folder>
	<filename>BikesHelmets183_png_jpg.rf.858c0ec0b999e5abf1b26c6d95e1d06a.jpg</filename>
	<path>D:\helmet detector\data (1)\train\BikesHelmets183_png_jpg.rf.858c0ec0b999e5abf1b26c6d95e1d06a.jpg</path>
	<source>
		<database>Unknown</database>
	</source>
	<size>
		<width>416</width>
		<height>416</height>
		<depth>3</depth>
	</size>
	<segmented>0</segmented>
	<object>
		<name>Helmet</name>
		<pose>Unspecified</pose>
		<truncated>0</truncated>
		<difficult>0</difficult>
		<bndbox>
			<xmin>160</xmin>
			<ymin>79</ymin>
			<xmax>204</xmax>
			<ymax>150</ymax>
		</bndbox>
	</object>
</annotation>
