<annotation>
	<folder>train</folder>
	<filename>BikesHelmets154_png_jpg.rf.30043b60da80a73d01a07ea1169a7ea2.jpg</filename>
	<path>D:\helmet detector\data (1)\train\BikesHelmets154_png_jpg.rf.30043b60da80a73d01a07ea1169a7ea2.jpg</path>
	<source>
		<database>Unknown</database>
	</source>
	<size>
		<width>416</width>
		<height>416</height>
		<depth>3</depth>
	</size>
	<segmented>0</segmented>
	<object>
		<name>No Helmet</name>
		<pose>Unspecified</pose>
		<truncated>0</truncated>
		<difficult>0</difficult>
		<bndbox>
			<xmin>120</xmin>
			<ymin>41</ymin>
			<xmax>164</xmax>
			<ymax>91</ymax>
		</bndbox>
	</object>
	<object>
		<name>No Helmet</name>
		<pose>Unspecified</pose>
		<truncated>0</truncated>
		<difficult>0</difficult>
		<bndbox>
			<xmin>162</xmin>
			<ymin>49</ymin>
			<xmax>209</xmax>
			<ymax>99</ymax>
		</bndbox>
	</object>
	<object>
		<name>Helmet</name>
		<pose>Unspecified</pose>
		<truncated>0</truncated>
		<difficult>0</difficult>
		<bndbox>
			<xmin>302</xmin>
			<ymin>59</ymin>
			<xmax>328</xmax>
			<ymax>81</ymax>
		</bndbox>
	</object>
</annotation>
