<annotation>
	<folder>train</folder>
	<filename>BikesHelmets12_png_jpg.rf.08dad4cb3c23709820c73aadf7791ec9.jpg</filename>
	<path>D:\helmet detector\data (1)\train\BikesHelmets12_png_jpg.rf.08dad4cb3c23709820c73aadf7791ec9.jpg</path>
	<source>
		<database>Unknown</database>
	</source>
	<size>
		<width>416</width>
		<height>416</height>
		<depth>3</depth>
	</size>
	<segmented>0</segmented>
	<object>
		<name>Helmet</name>
		<pose>Unspecified</pose>
		<truncated>0</truncated>
		<difficult>0</difficult>
		<bndbox>
			<xmin>191</xmin>
			<ymin>69</ymin>
			<xmax>222</xmax>
			<ymax>119</ymax>
		</bndbox>
	</object>
	<object>
		<name>No Helmet</name>
		<pose>Unspecified</pose>
		<truncated>0</truncated>
		<difficult>0</difficult>
		<bndbox>
			<xmin>339</xmin>
			<ymin>99</ymin>
			<xmax>344</xmax>
			<ymax>109</ymax>
		</bndbox>
	</object>
	<object>
		<name>No Helmet</name>
		<pose>Unspecified</pose>
		<truncated>0</truncated>
		<difficult>0</difficult>
		<bndbox>
			<xmin>348</xmin>
			<ymin>100</ymin>
			<xmax>353</xmax>
			<ymax>111</ymax>
		</bndbox>
	</object>
</annotation>
