<annotation>
	<folder>train</folder>
	<filename>BikesHelmets282_png_jpg.rf.c90a6df26b48f9e7dad218a649da90b2.jpg</filename>
	<path>D:\helmet detector\data (1)\train\BikesHelmets282_png_jpg.rf.c90a6df26b48f9e7dad218a649da90b2.jpg</path>
	<source>
		<database>Unknown</database>
	</source>
	<size>
		<width>416</width>
		<height>416</height>
		<depth>3</depth>
	</size>
	<segmented>0</segmented>
	<object>
		<name>Helmet</name>
		<pose>Unspecified</pose>
		<truncated>0</truncated>
		<difficult>0</difficult>
		<bndbox>
			<xmin>136</xmin>
			<ymin>15</ymin>
			<xmax>285</xmax>
			<ymax>155</ymax>
		</bndbox>
	</object>
</annotation>
