<annotation>
	<folder>train</folder>
	<filename>BikesHelmets257_png_jpg.rf.583baf923b06be90e3c772fc1f833faf.jpg</filename>
	<path>D:\helmet detector\data (1)\train\BikesHelmets257_png_jpg.rf.583baf923b06be90e3c772fc1f833faf.jpg</path>
	<source>
		<database>Unknown</database>
	</source>
	<size>
		<width>416</width>
		<height>416</height>
		<depth>3</depth>
	</size>
	<segmented>0</segmented>
	<object>
		<name>Helmet</name>
		<pose>Unspecified</pose>
		<truncated>0</truncated>
		<difficult>0</difficult>
		<bndbox>
			<xmin>75</xmin>
			<ymin>24</ymin>
			<xmax>119</xmax>
			<ymax>90</ymax>
		</bndbox>
	</object>
	<object>
		<name>Helmet</name>
		<pose>Unspecified</pose>
		<truncated>0</truncated>
		<difficult>0</difficult>
		<bndbox>
			<xmin>165</xmin>
			<ymin>13</ymin>
			<xmax>203</xmax>
			<ymax>87</ymax>
		</bndbox>
	</object>
	<object>
		<name>Helmet</name>
		<pose>Unspecified</pose>
		<truncated>0</truncated>
		<difficult>0</difficult>
		<bndbox>
			<xmin>258</xmin>
			<ymin>63</ymin>
			<xmax>294</xmax>
			<ymax>130</ymax>
		</bndbox>
	</object>
</annotation>
