<annotation>
	<folder>train</folder>
	<filename>BikesHelmets156_png_jpg.rf.880dc87312bab04229369b7110e42f9e.jpg</filename>
	<path>D:\helmet detector\data (1)\train\BikesHelmets156_png_jpg.rf.880dc87312bab04229369b7110e42f9e.jpg</path>
	<source>
		<database>Unknown</database>
	</source>
	<size>
		<width>416</width>
		<height>416</height>
		<depth>3</depth>
	</size>
	<segmented>0</segmented>
	<object>
		<name>No Helmet</name>
		<pose>Unspecified</pose>
		<truncated>0</truncated>
		<difficult>0</difficult>
		<bndbox>
			<xmin>172</xmin>
			<ymin>2</ymin>
			<xmax>222</xmax>
			<ymax>92</ymax>
		</bndbox>
	</object>
</annotation>
