<annotation>
	<folder>train</folder>
	<filename>BikesHelmets103_png_jpg.rf.cc0282eb3f2dbbcf4e534b908b43228d.jpg</filename>
	<path>D:\helmet detector\data (1)\train\BikesHelmets103_png_jpg.rf.cc0282eb3f2dbbcf4e534b908b43228d.jpg</path>
	<source>
		<database>Unknown</database>
	</source>
	<size>
		<width>416</width>
		<height>416</height>
		<depth>3</depth>
	</size>
	<segmented>0</segmented>
	<object>
		<name>No Helmet</name>
		<pose>Unspecified</pose>
		<truncated>0</truncated>
		<difficult>0</difficult>
		<bndbox>
			<xmin>309</xmin>
			<ymin>23</ymin>
			<xmax>356</xmax>
			<ymax>75</ymax>
		</bndbox>
	</object>
	<object>
		<name>No Helmet</name>
		<pose>Unspecified</pose>
		<truncated>0</truncated>
		<difficult>0</difficult>
		<bndbox>
			<xmin>257</xmin>
			<ymin>23</ymin>
			<xmax>304</xmax>
			<ymax>84</ymax>
		</bndbox>
	</object>
	<object>
		<name>No Helmet</name>
		<pose>Unspecified</pose>
		<truncated>0</truncated>
		<difficult>0</difficult>
		<bndbox>
			<xmin>219</xmin>
			<ymin>40</ymin>
			<xmax>263</xmax>
			<ymax>96</ymax>
		</bndbox>
	</object>
</annotation>
