<annotation>
	<folder>train</folder>
	<filename>BikesHelmets149_png_jpg.rf.b4a3300eace1dfd90763a2153a877916.jpg</filename>
	<path>D:\helmet detector\data (1)\train\BikesHelmets149_png_jpg.rf.b4a3300eace1dfd90763a2153a877916.jpg</path>
	<source>
		<database>Unknown</database>
	</source>
	<size>
		<width>416</width>
		<height>416</height>
		<depth>3</depth>
	</size>
	<segmented>0</segmented>
	<object>
		<name>Helmet</name>
		<pose>Unspecified</pose>
		<truncated>0</truncated>
		<difficult>0</difficult>
		<bndbox>
			<xmin>210</xmin>
			<ymin>63</ymin>
			<xmax>252</xmax>
			<ymax>132</ymax>
		</bndbox>
	</object>
	<object>
		<name>Helmet</name>
		<pose>Unspecified</pose>
		<truncated>0</truncated>
		<difficult>0</difficult>
		<bndbox>
			<xmin>121</xmin>
			<ymin>95</ymin>
			<xmax>140</xmax>
			<ymax>125</ymax>
		</bndbox>
	</object>
</annotation>
