<annotation>
	<folder>train</folder>
	<filename>BikesHelmets273_png_jpg.rf.7461912799b13e61a3fc3f59c74c6ed6.jpg</filename>
	<path>D:\helmet detector\data (1)\train\BikesHelmets273_png_jpg.rf.7461912799b13e61a3fc3f59c74c6ed6.jpg</path>
	<source>
		<database>Unknown</database>
	</source>
	<size>
		<width>416</width>
		<height>416</height>
		<depth>3</depth>
	</size>
	<segmented>0</segmented>
	<object>
		<name>Helmet</name>
		<pose>Unspecified</pose>
		<truncated>0</truncated>
		<difficult>0</difficult>
		<bndbox>
			<xmin>48</xmin>
			<ymin>14</ymin>
			<xmax>104</xmax>
			<ymax>89</ymax>
		</bndbox>
	</object>
	<object>
		<name>Helmet</name>
		<pose>Unspecified</pose>
		<truncated>0</truncated>
		<difficult>0</difficult>
		<bndbox>
			<xmin>208</xmin>
			<ymin>14</ymin>
			<xmax>232</xmax>
			<ymax>46</ymax>
		</bndbox>
	</object>
	<object>
		<name>Helmet</name>
		<pose>Unspecified</pose>
		<truncated>1</truncated>
		<difficult>0</difficult>
		<bndbox>
			<xmin>312</xmin>
			<ymin>1</ymin>
			<xmax>357</xmax>
			<ymax>43</ymax>
		</bndbox>
	</object>
	<object>
		<name>Helmet</name>
		<pose>Unspecified</pose>
		<truncated>0</truncated>
		<difficult>0</difficult>
		<bndbox>
			<xmin>362</xmin>
			<ymin>8</ymin>
			<xmax>374</xmax>
			<ymax>24</ymax>
		</bndbox>
	</object>
</annotation>
