<annotation>
	<folder>train</folder>
	<filename>BikesHelmets207_png_jpg.rf.afe474e82ec86471d5fa1b4006a723ea.jpg</filename>
	<path>D:\helmet detector\data (1)\train\BikesHelmets207_png_jpg.rf.afe474e82ec86471d5fa1b4006a723ea.jpg</path>
	<source>
		<database>Unknown</database>
	</source>
	<size>
		<width>416</width>
		<height>416</height>
		<depth>3</depth>
	</size>
	<segmented>0</segmented>
	<object>
		<name>Helmet</name>
		<pose>Unspecified</pose>
		<truncated>0</truncated>
		<difficult>0</difficult>
		<bndbox>
			<xmin>244</xmin>
			<ymin>52</ymin>
			<xmax>295</xmax>
			<ymax>122</ymax>
		</bndbox>
	</object>
	<object>
		<name>Helmet</name>
		<pose>Unspecified</pose>
		<truncated>0</truncated>
		<difficult>0</difficult>
		<bndbox>
			<xmin>168</xmin>
			<ymin>52</ymin>
			<xmax>220</xmax>
			<ymax>116</ymax>
		</bndbox>
	</object>
</annotation>
