<annotation>
	<folder>train</folder>
	<filename>BikesHelmets264_png_jpg.rf.2a5524ac626e7e73d6c77889a73547f4.jpg</filename>
	<path>D:\helmet detector\data (1)\train\BikesHelmets264_png_jpg.rf.2a5524ac626e7e73d6c77889a73547f4.jpg</path>
	<source>
		<database>Unknown</database>
	</source>
	<size>
		<width>416</width>
		<height>416</height>
		<depth>3</depth>
	</size>
	<segmented>0</segmented>
	<object>
		<name>Helmet</name>
		<pose>Unspecified</pose>
		<truncated>0</truncated>
		<difficult>0</difficult>
		<bndbox>
			<xmin>256</xmin>
			<ymin>32</ymin>
			<xmax>292</xmax>
			<ymax>98</ymax>
		</bndbox>
	</object>
	<object>
		<name>Helmet</name>
		<pose>Unspecified</pose>
		<truncated>0</truncated>
		<difficult>0</difficult>
		<bndbox>
			<xmin>343</xmin>
			<ymin>47</ymin>
			<xmax>376</xmax>
			<ymax>107</ymax>
		</bndbox>
	</object>
	<object>
		<name>Helmet</name>
		<pose>Unspecified</pose>
		<truncated>0</truncated>
		<difficult>0</difficult>
		<bndbox>
			<xmin>193</xmin>
			<ymin>62</ymin>
			<xmax>214</xmax>
			<ymax>97</ymax>
		</bndbox>
	</object>
	<object>
		<name>Helmet</name>
		<pose>Unspecified</pose>
		<truncated>0</truncated>
		<difficult>0</difficult>
		<bndbox>
			<xmin>114</xmin>
			<ymin>51</ymin>
			<xmax>134</xmax>
			<ymax>78</ymax>
		</bndbox>
	</object>
</annotation>
