<annotation>
	<folder>train</folder>
	<filename>BikesHelmets154_png_jpg.rf.e70a869ec7352d2e9e453df93b02ee25.jpg</filename>
	<path>D:\helmet detector\data (1)\train\BikesHelmets154_png_jpg.rf.e70a869ec7352d2e9e453df93b02ee25.jpg</path>
	<source>
		<database>Unknown</database>
	</source>
	<size>
		<width>416</width>
		<height>416</height>
		<depth>3</depth>
	</size>
	<segmented>0</segmented>
	<object>
		<name>No Helmet</name>
		<pose>Unspecified</pose>
		<truncated>0</truncated>
		<difficult>0</difficult>
		<bndbox>
			<xmin>120</xmin>
			<ymin>43</ymin>
			<xmax>165</xmax>
			<ymax>91</ymax>
		</bndbox>
	</object>
	<object>
		<name>No Helmet</name>
		<pose>Unspecified</pose>
		<truncated>0</truncated>
		<difficult>0</difficult>
		<bndbox>
			<xmin>164</xmin>
			<ymin>52</ymin>
			<xmax>204</xmax>
			<ymax>97</ymax>
		</bndbox>
	</object>
	<object>
		<name>Helmet</name>
		<pose>Unspecified</pose>
		<truncated>0</truncated>
		<difficult>0</difficult>
		<bndbox>
			<xmin>297</xmin>
			<ymin>55</ymin>
			<xmax>328</xmax>
			<ymax>84</ymax>
		</bndbox>
	</object>
</annotation>
