<annotation>
	<folder>train</folder>
	<filename>BikesHelmets170_png_jpg.rf.bbc7b362732cb943750c32089b743fed.jpg</filename>
	<path>D:\helmet detector\data (1)\train\BikesHelmets170_png_jpg.rf.bbc7b362732cb943750c32089b743fed.jpg</path>
	<source>
		<database>Unknown</database>
	</source>
	<size>
		<width>416</width>
		<height>416</height>
		<depth>3</depth>
	</size>
	<segmented>0</segmented>
	<object>
		<name>No Helmet</name>
		<pose>Unspecified</pose>
		<truncated>0</truncated>
		<difficult>0</difficult>
		<bndbox>
			<xmin>126</xmin>
			<ymin>7</ymin>
			<xmax>176</xmax>
			<ymax>78</ymax>
		</bndbox>
	</object>
</annotation>
