<annotation>
	<folder>train</folder>
	<filename>BikesHelmets165_png_jpg.rf.4df51ec60c531b13107d72ddf0b6f52f.jpg</filename>
	<path>D:\helmet detector\data (1)\train\BikesHelmets165_png_jpg.rf.4df51ec60c531b13107d72ddf0b6f52f.jpg</path>
	<source>
		<database>Unknown</database>
	</source>
	<size>
		<width>416</width>
		<height>416</height>
		<depth>3</depth>
	</size>
	<segmented>0</segmented>
	<object>
		<name>Helmet</name>
		<pose>Unspecified</pose>
		<truncated>1</truncated>
		<difficult>0</difficult>
		<bndbox>
			<xmin>164</xmin>
			<ymin>1</ymin>
			<xmax>244</xmax>
			<ymax>139</ymax>
		</bndbox>
	</object>
</annotation>
