<annotation>
	<folder>train</folder>
	<filename>BikesHelmets19_png_jpg.rf.4bd1ee0e34117b262e2db71902381314.jpg</filename>
	<path>D:\helmet detector\data (1)\train\BikesHelmets19_png_jpg.rf.4bd1ee0e34117b262e2db71902381314.jpg</path>
	<source>
		<database>Unknown</database>
	</source>
	<size>
		<width>416</width>
		<height>416</height>
		<depth>3</depth>
	</size>
	<segmented>0</segmented>
	<object>
		<name>Helmet</name>
		<pose>Unspecified</pose>
		<truncated>0</truncated>
		<difficult>0</difficult>
		<bndbox>
			<xmin>164</xmin>
			<ymin>3</ymin>
			<xmax>228</xmax>
			<ymax>116</ymax>
		</bndbox>
	</object>
	<object>
		<name>Helmet</name>
		<pose>Unspecified</pose>
		<truncated>0</truncated>
		<difficult>0</difficult>
		<bndbox>
			<xmin>322</xmin>
			<ymin>115</ymin>
			<xmax>363</xmax>
			<ymax>184</ymax>
		</bndbox>
	</object>
</annotation>
