<annotation>
	<folder>train</folder>
	<filename>BikesHelmets184_png_jpg.rf.0c230f26bd070880c4a3ff9df50ad0b2.jpg</filename>
	<path>D:\helmet detector\data (1)\train\BikesHelmets184_png_jpg.rf.0c230f26bd070880c4a3ff9df50ad0b2.jpg</path>
	<source>
		<database>Unknown</database>
	</source>
	<size>
		<width>416</width>
		<height>416</height>
		<depth>3</depth>
	</size>
	<segmented>0</segmented>
	<object>
		<name>Helmet</name>
		<pose>Unspecified</pose>
		<truncated>0</truncated>
		<difficult>0</difficult>
		<bndbox>
			<xmin>287</xmin>
			<ymin>212</ymin>
			<xmax>310</xmax>
			<ymax>237</ymax>
		</bndbox>
	</object>
</annotation>
