<annotation>
	<folder>test</folder>
	<filename>BikesHelmets225_png_jpg.rf.5ce1ddd4bfc514cfcc4497d40916d466.jpg</filename>
	<path>D:\helmet detector\data (1)\test\BikesHelmets225_png_jpg.rf.5ce1ddd4bfc514cfcc4497d40916d466.jpg</path>
	<source>
		<database>Unknown</database>
	</source>
	<size>
		<width>416</width>
		<height>416</height>
		<depth>3</depth>
	</size>
	<segmented>0</segmented>
	<object>
		<name>Helmet</name>
		<pose>Unspecified</pose>
		<truncated>0</truncated>
		<difficult>0</difficult>
		<bndbox>
			<xmin>145</xmin>
			<ymin>32</ymin>
			<xmax>198</xmax>
			<ymax>111</ymax>
		</bndbox>
	</object>
</annotation>
