<annotation>
	<folder>train</folder>
	<filename>BikesHelmets281_png_jpg.rf.699c5c952a1394b88fcb294e42992510.jpg</filename>
	<path>D:\helmet detector\data (1)\train\BikesHelmets281_png_jpg.rf.699c5c952a1394b88fcb294e42992510.jpg</path>
	<source>
		<database>Unknown</database>
	</source>
	<size>
		<width>416</width>
		<height>416</height>
		<depth>3</depth>
	</size>
	<segmented>0</segmented>
	<object>
		<name>Helmet</name>
		<pose>Unspecified</pose>
		<truncated>0</truncated>
		<difficult>0</difficult>
		<bndbox>
			<xmin>141</xmin>
			<ymin>92</ymin>
			<xmax>179</xmax>
			<ymax>144</ymax>
		</bndbox>
	</object>
</annotation>
