<annotation>
	<folder>train</folder>
	<filename>BikesHelmets20_png_jpg.rf.ec26105fa4e363686a53446368078230.jpg</filename>
	<path>D:\helmet detector\data (1)\train\BikesHelmets20_png_jpg.rf.ec26105fa4e363686a53446368078230.jpg</path>
	<source>
		<database>Unknown</database>
	</source>
	<size>
		<width>416</width>
		<height>416</height>
		<depth>3</depth>
	</size>
	<segmented>0</segmented>
	<object>
		<name>Helmet</name>
		<pose>Unspecified</pose>
		<truncated>0</truncated>
		<difficult>0</difficult>
		<bndbox>
			<xmin>209</xmin>
			<ymin>175</ymin>
			<xmax>381</xmax>
			<ymax>311</ymax>
		</bndbox>
	</object>
	<object>
		<name>Helmet</name>
		<pose>Unspecified</pose>
		<truncated>0</truncated>
		<difficult>0</difficult>
		<bndbox>
			<xmin>126</xmin>
			<ymin>120</ymin>
			<xmax>217</xmax>
			<ymax>197</ymax>
		</bndbox>
	</object>
</annotation>
