<annotation>
	<folder>train</folder>
	<filename>BikesHelmets209_png_jpg.rf.464ff1068c726bff82fb1187b5b71edc.jpg</filename>
	<path>D:\helmet detector\data (1)\train\BikesHelmets209_png_jpg.rf.464ff1068c726bff82fb1187b5b71edc.jpg</path>
	<source>
		<database>Unknown</database>
	</source>
	<size>
		<width>416</width>
		<height>416</height>
		<depth>3</depth>
	</size>
	<segmented>0</segmented>
	<object>
		<name>Helmet</name>
		<pose>Unspecified</pose>
		<truncated>0</truncated>
		<difficult>0</difficult>
		<bndbox>
			<xmin>160</xmin>
			<ymin>17</ymin>
			<xmax>213</xmax>
			<ymax>98</ymax>
		</bndbox>
	</object>
	<object>
		<name>Helmet</name>
		<pose>Unspecified</pose>
		<truncated>0</truncated>
		<difficult>0</difficult>
		<bndbox>
			<xmin>104</xmin>
			<ymin>16</ymin>
			<xmax>161</xmax>
			<ymax>91</ymax>
		</bndbox>
	</object>
</annotation>
