<annotation>
	<folder>train</folder>
	<filename>BikesHelmets263_png_jpg.rf.3aa968df5ff12a03536766a6bedbe61e.jpg</filename>
	<path>D:\helmet detector\data (1)\train\BikesHelmets263_png_jpg.rf.3aa968df5ff12a03536766a6bedbe61e.jpg</path>
	<source>
		<database>Unknown</database>
	</source>
	<size>
		<width>416</width>
		<height>416</height>
		<depth>3</depth>
	</size>
	<segmented>0</segmented>
	<object>
		<name>Helmet</name>
		<pose>Unspecified</pose>
		<truncated>0</truncated>
		<difficult>0</difficult>
		<bndbox>
			<xmin>189</xmin>
			<ymin>76</ymin>
			<xmax>229</xmax>
			<ymax>141</ymax>
		</bndbox>
	</object>
</annotation>
