<annotation>
	<folder>train</folder>
	<filename>BikesHelmets145_png_jpg.rf.0a00413d507dc5006354ec3c90b36fdb.jpg</filename>
	<path>D:\helmet detector\data (1)\train\BikesHelmets145_png_jpg.rf.0a00413d507dc5006354ec3c90b36fdb.jpg</path>
	<source>
		<database>Unknown</database>
	</source>
	<size>
		<width>416</width>
		<height>416</height>
		<depth>3</depth>
	</size>
	<segmented>0</segmented>
	<object>
		<name>Helmet</name>
		<pose>Unspecified</pose>
		<truncated>0</truncated>
		<difficult>0</difficult>
		<bndbox>
			<xmin>118</xmin>
			<ymin>65</ymin>
			<xmax>141</xmax>
			<ymax>101</ymax>
		</bndbox>
	</object>
	<object>
		<name>Helmet</name>
		<pose>Unspecified</pose>
		<truncated>0</truncated>
		<difficult>0</difficult>
		<bndbox>
			<xmin>147</xmin>
			<ymin>81</ymin>
			<xmax>178</xmax>
			<ymax>141</ymax>
		</bndbox>
	</object>
	<object>
		<name>Helmet</name>
		<pose>Unspecified</pose>
		<truncated>0</truncated>
		<difficult>0</difficult>
		<bndbox>
			<xmin>224</xmin>
			<ymin>59</ymin>
			<xmax>249</xmax>
			<ymax>122</ymax>
		</bndbox>
	</object>
	<object>
		<name>Helmet</name>
		<pose>Unspecified</pose>
		<truncated>0</truncated>
		<difficult>0</difficult>
		<bndbox>
			<xmin>272</xmin>
			<ymin>62</ymin>
			<xmax>298</xmax>
			<ymax>110</ymax>
		</bndbox>
	</object>
</annotation>
