<annotation>
	<folder>train</folder>
	<filename>BikesHelmets175_png_jpg.rf.f3bdf92bcc74a2db3bd2a3f22509efa1.jpg</filename>
	<path>D:\helmet detector\data (1)\train\BikesHelmets175_png_jpg.rf.f3bdf92bcc74a2db3bd2a3f22509efa1.jpg</path>
	<source>
		<database>Unknown</database>
	</source>
	<size>
		<width>416</width>
		<height>416</height>
		<depth>3</depth>
	</size>
	<segmented>0</segmented>
	<object>
		<name>No Helmet</name>
		<pose>Unspecified</pose>
		<truncated>0</truncated>
		<difficult>0</difficult>
		<bndbox>
			<xmin>200</xmin>
			<ymin>97</ymin>
			<xmax>231</xmax>
			<ymax>147</ymax>
		</bndbox>
	</object>
	<object>
		<name>No Helmet</name>
		<pose>Unspecified</pose>
		<truncated>0</truncated>
		<difficult>0</difficult>
		<bndbox>
			<xmin>229</xmin>
			<ymin>85</ymin>
			<xmax>251</xmax>
			<ymax>131</ymax>
		</bndbox>
	</object>
	<object>
		<name>No Helmet</name>
		<pose>Unspecified</pose>
		<truncated>0</truncated>
		<difficult>0</difficult>
		<bndbox>
			<xmin>361</xmin>
			<ymin>61</ymin>
			<xmax>388</xmax>
			<ymax>94</ymax>
		</bndbox>
	</object>
</annotation>
