<annotation>
	<folder>train</folder>
	<filename>BikesHelmets193_png_jpg.rf.ff949946adba11ce3db8308772264353.jpg</filename>
	<path>D:\helmet detector\data (1)\train\BikesHelmets193_png_jpg.rf.ff949946adba11ce3db8308772264353.jpg</path>
	<source>
		<database>Unknown</database>
	</source>
	<size>
		<width>416</width>
		<height>416</height>
		<depth>3</depth>
	</size>
	<segmented>0</segmented>
	<object>
		<name>Helmet</name>
		<pose>Unspecified</pose>
		<truncated>0</truncated>
		<difficult>0</difficult>
		<bndbox>
			<xmin>208</xmin>
			<ymin>73</ymin>
			<xmax>246</xmax>
			<ymax>121</ymax>
		</bndbox>
	</object>
</annotation>
