<annotation>
	<folder>train</folder>
	<filename>BikesHelmets273_png_jpg.rf.6b90f413ccb2f0e708d7b72e12f73f4f.jpg</filename>
	<path>D:\helmet detector\data (1)\train\BikesHelmets273_png_jpg.rf.6b90f413ccb2f0e708d7b72e12f73f4f.jpg</path>
	<source>
		<database>Unknown</database>
	</source>
	<size>
		<width>416</width>
		<height>416</height>
		<depth>3</depth>
	</size>
	<segmented>0</segmented>
	<object>
		<name>Helmet</name>
		<pose>Unspecified</pose>
		<truncated>0</truncated>
		<difficult>0</difficult>
		<bndbox>
			<xmin>48</xmin>
			<ymin>17</ymin>
			<xmax>101</xmax>
			<ymax>86</ymax>
		</bndbox>
	</object>
	<object>
		<name>Helmet</name>
		<pose>Unspecified</pose>
		<truncated>0</truncated>
		<difficult>0</difficult>
		<bndbox>
			<xmin>211</xmin>
			<ymin>15</ymin>
			<xmax>232</xmax>
			<ymax>49</ymax>
		</bndbox>
	</object>
	<object>
		<name>Helmet</name>
		<pose>Unspecified</pose>
		<truncated>1</truncated>
		<difficult>0</difficult>
		<bndbox>
			<xmin>312</xmin>
			<ymin>1</ymin>
			<xmax>354</xmax>
			<ymax>41</ymax>
		</bndbox>
	</object>
</annotation>
