<annotation>
	<folder>train</folder>
	<filename>BikesHelmets227_png_jpg.rf.0726bd838223e93083369fc68d58176a.jpg</filename>
	<path>D:\helmet detector\data (1)\train\BikesHelmets227_png_jpg.rf.0726bd838223e93083369fc68d58176a.jpg</path>
	<source>
		<database>Unknown</database>
	</source>
	<size>
		<width>416</width>
		<height>416</height>
		<depth>3</depth>
	</size>
	<segmented>0</segmented>
	<object>
		<name>Helmet</name>
		<pose>Unspecified</pose>
		<truncated>0</truncated>
		<difficult>0</difficult>
		<bndbox>
			<xmin>94</xmin>
			<ymin>21</ymin>
			<xmax>175</xmax>
			<ymax>124</ymax>
		</bndbox>
	</object>
</annotation>
