<annotation>
	<folder>train</folder>
	<filename>BikesHelmets22_png_jpg.rf.49b7da683324f1dd9c00813782df6237.jpg</filename>
	<path>D:\helmet detector\data (1)\train\BikesHelmets22_png_jpg.rf.49b7da683324f1dd9c00813782df6237.jpg</path>
	<source>
		<database>Unknown</database>
	</source>
	<size>
		<width>416</width>
		<height>416</height>
		<depth>3</depth>
	</size>
	<segmented>0</segmented>
	<object>
		<name>Helmet</name>
		<pose>Unspecified</pose>
		<truncated>0</truncated>
		<difficult>0</difficult>
		<bndbox>
			<xmin>136</xmin>
			<ymin>5</ymin>
			<xmax>192</xmax>
			<ymax>74</ymax>
		</bndbox>
	</object>
	<object>
		<name>Helmet</name>
		<pose>Unspecified</pose>
		<truncated>0</truncated>
		<difficult>0</difficult>
		<bndbox>
			<xmin>196</xmin>
			<ymin>16</ymin>
			<xmax>250</xmax>
			<ymax>96</ymax>
		</bndbox>
	</object>
</annotation>
