<annotation>
	<folder>train</folder>
	<filename>BikesHelmets23_png_jpg.rf.5352dd0721da7e7f1d01a2486bb15d3d.jpg</filename>
	<path>D:\helmet detector\data (1)\train\BikesHelmets23_png_jpg.rf.5352dd0721da7e7f1d01a2486bb15d3d.jpg</path>
	<source>
		<database>Unknown</database>
	</source>
	<size>
		<width>416</width>
		<height>416</height>
		<depth>3</depth>
	</size>
	<segmented>0</segmented>
	<object>
		<name>Helmet</name>
		<pose>Unspecified</pose>
		<truncated>0</truncated>
		<difficult>0</difficult>
		<bndbox>
			<xmin>120</xmin>
			<ymin>34</ymin>
			<xmax>165</xmax>
			<ymax>115</ymax>
		</bndbox>
	</object>
	<object>
		<name>Helmet</name>
		<pose>Unspecified</pose>
		<truncated>0</truncated>
		<difficult>0</difficult>
		<bndbox>
			<xmin>314</xmin>
			<ymin>102</ymin>
			<xmax>344</xmax>
			<ymax>140</ymax>
		</bndbox>
	</object>
	<object>
		<name>Helmet</name>
		<pose>Unspecified</pose>
		<truncated>0</truncated>
		<difficult>0</difficult>
		<bndbox>
			<xmin>350</xmin>
			<ymin>105</ymin>
			<xmax>370</xmax>
			<ymax>138</ymax>
		</bndbox>
	</object>
</annotation>
