<annotation>
	<folder>valid</folder>
	<filename>BikesHelmets144_png_jpg.rf.8411cd802481530fb3b7fbaaf41b7088.jpg</filename>
	<path>D:\helmet detector\data (1)\valid\BikesHelmets144_png_jpg.rf.8411cd802481530fb3b7fbaaf41b7088.jpg</path>
	<source>
		<database>Unknown</database>
	</source>
	<size>
		<width>416</width>
		<height>416</height>
		<depth>3</depth>
	</size>
	<segmented>0</segmented>
	<object>
		<name>No Helmet</name>
		<pose>Unspecified</pose>
		<truncated>0</truncated>
		<difficult>0</difficult>
		<bndbox>
			<xmin>64</xmin>
			<ymin>75</ymin>
			<xmax>109</xmax>
			<ymax>136</ymax>
		</bndbox>
	</object>
	<object>
		<name>No Helmet</name>
		<pose>Unspecified</pose>
		<truncated>0</truncated>
		<difficult>0</difficult>
		<bndbox>
			<xmin>101</xmin>
			<ymin>66</ymin>
			<xmax>139</xmax>
			<ymax>139</ymax>
		</bndbox>
	</object>
	<object>
		<name>No Helmet</name>
		<pose>Unspecified</pose>
		<truncated>0</truncated>
		<difficult>0</difficult>
		<bndbox>
			<xmin>310</xmin>
			<ymin>28</ymin>
			<xmax>339</xmax>
			<ymax>79</ymax>
		</bndbox>
	</object>
</annotation>
