<annotation>
	<folder>train</folder>
	<filename>BikesHelmets1_png_jpg.rf.235878cab86d1d966579c252367742b4.jpg</filename>
	<path>D:\helmet detector\data (1)\train\BikesHelmets1_png_jpg.rf.235878cab86d1d966579c252367742b4.jpg</path>
	<source>
		<database>Unknown</database>
	</source>
	<size>
		<width>416</width>
		<height>416</height>
		<depth>3</depth>
	</size>
	<segmented>0</segmented>
	<object>
		<name>Helmet</name>
		<pose>Unspecified</pose>
		<truncated>1</truncated>
		<difficult>0</difficult>
		<bndbox>
			<xmin>167</xmin>
			<ymin>1</ymin>
			<xmax>260</xmax>
			<ymax>111</ymax>
		</bndbox>
	</object>
</annotation>
