<annotation>
	<folder>train</folder>
	<filename>BikesHelmets284_png_jpg.rf.f230156a2484d71e2b47111478779062.jpg</filename>
	<path>D:\helmet detector\data (1)\train\BikesHelmets284_png_jpg.rf.f230156a2484d71e2b47111478779062.jpg</path>
	<source>
		<database>Unknown</database>
	</source>
	<size>
		<width>416</width>
		<height>416</height>
		<depth>3</depth>
	</size>
	<segmented>0</segmented>
	<object>
		<name>Helmet</name>
		<pose>Unspecified</pose>
		<truncated>0</truncated>
		<difficult>0</difficult>
		<bndbox>
			<xmin>212</xmin>
			<ymin>40</ymin>
			<xmax>264</xmax>
			<ymax>110</ymax>
		</bndbox>
	</object>
	<object>
		<name>No Helmet</name>
		<pose>Unspecified</pose>
		<truncated>0</truncated>
		<difficult>0</difficult>
		<bndbox>
			<xmin>330</xmin>
			<ymin>44</ymin>
			<xmax>384</xmax>
			<ymax>131</ymax>
		</bndbox>
	</object>
</annotation>
