<annotation>
	<folder>train</folder>
	<filename>BikesHelmets253_png_jpg.rf.5609199c0fe86d44c136210bdcd75bcc.jpg</filename>
	<path>D:\helmet detector\data (1)\train\BikesHelmets253_png_jpg.rf.5609199c0fe86d44c136210bdcd75bcc.jpg</path>
	<source>
		<database>Unknown</database>
	</source>
	<size>
		<width>416</width>
		<height>416</height>
		<depth>3</depth>
	</size>
	<segmented>0</segmented>
	<object>
		<name>Helmet</name>
		<pose>Unspecified</pose>
		<truncated>0</truncated>
		<difficult>0</difficult>
		<bndbox>
			<xmin>83</xmin>
			<ymin>86</ymin>
			<xmax>122</xmax>
			<ymax>143</ymax>
		</bndbox>
	</object>
	<object>
		<name>No Helmet</name>
		<pose>Unspecified</pose>
		<truncated>0</truncated>
		<difficult>0</difficult>
		<bndbox>
			<xmin>194</xmin>
			<ymin>83</ymin>
			<xmax>229</xmax>
			<ymax>145</ymax>
		</bndbox>
	</object>
</annotation>
