<annotation>
	<folder>train</folder>
	<filename>BikesHelmets128_png_jpg.rf.962d56df876c609237b69e24bc196581.jpg</filename>
	<path>D:\helmet detector\data (1)\train\BikesHelmets128_png_jpg.rf.962d56df876c609237b69e24bc196581.jpg</path>
	<source>
		<database>Unknown</database>
	</source>
	<size>
		<width>416</width>
		<height>416</height>
		<depth>3</depth>
	</size>
	<segmented>0</segmented>
	<object>
		<name>No Helmet</name>
		<pose>Unspecified</pose>
		<truncated>0</truncated>
		<difficult>0</difficult>
		<bndbox>
			<xmin>200</xmin>
			<ymin>8</ymin>
			<xmax>238</xmax>
			<ymax>85</ymax>
		</bndbox>
	</object>
	<object>
		<name>No Helmet</name>
		<pose>Unspecified</pose>
		<truncated>0</truncated>
		<difficult>0</difficult>
		<bndbox>
			<xmin>237</xmin>
			<ymin>22</ymin>
			<xmax>267</xmax>
			<ymax>86</ymax>
		</bndbox>
	</object>
</annotation>
