<annotation>
	<folder>train</folder>
	<filename>BikesHelmets271_png_jpg.rf.18ef8df5fb128ad90d24701c15f018cb.jpg</filename>
	<path>D:\helmet detector\data (1)\train\BikesHelmets271_png_jpg.rf.18ef8df5fb128ad90d24701c15f018cb.jpg</path>
	<source>
		<database>Unknown</database>
	</source>
	<size>
		<width>416</width>
		<height>416</height>
		<depth>3</depth>
	</size>
	<segmented>0</segmented>
	<object>
		<name>Helmet</name>
		<pose>Unspecified</pose>
		<truncated>0</truncated>
		<difficult>0</difficult>
		<bndbox>
			<xmin>6</xmin>
			<ymin>44</ymin>
			<xmax>72</xmax>
			<ymax>121</ymax>
		</bndbox>
	</object>
	<object>
		<name>Helmet</name>
		<pose>Unspecified</pose>
		<truncated>0</truncated>
		<difficult>0</difficult>
		<bndbox>
			<xmin>94</xmin>
			<ymin>61</ymin>
			<xmax>125</xmax>
			<ymax>111</ymax>
		</bndbox>
	</object>
	<object>
		<name>Helmet</name>
		<pose>Unspecified</pose>
		<truncated>0</truncated>
		<difficult>0</difficult>
		<bndbox>
			<xmin>152</xmin>
			<ymin>51</ymin>
			<xmax>193</xmax>
			<ymax>117</ymax>
		</bndbox>
	</object>
	<object>
		<name>Helmet</name>
		<pose>Unspecified</pose>
		<truncated>0</truncated>
		<difficult>0</difficult>
		<bndbox>
			<xmin>231</xmin>
			<ymin>89</ymin>
			<xmax>260</xmax>
			<ymax>123</ymax>
		</bndbox>
	</object>
	<object>
		<name>Helmet</name>
		<pose>Unspecified</pose>
		<truncated>0</truncated>
		<difficult>0</difficult>
		<bndbox>
			<xmin>363</xmin>
			<ymin>44</ymin>
			<xmax>409</xmax>
			<ymax>111</ymax>
		</bndbox>
	</object>
</annotation>
