<annotation>
	<folder>train</folder>
	<filename>BikesHelmets126_png_jpg.rf.3393b16eed3f57a8dfdb75a9e2129bc9.jpg</filename>
	<path>D:\helmet detector\data (1)\train\BikesHelmets126_png_jpg.rf.3393b16eed3f57a8dfdb75a9e2129bc9.jpg</path>
	<source>
		<database>Unknown</database>
	</source>
	<size>
		<width>416</width>
		<height>416</height>
		<depth>3</depth>
	</size>
	<segmented>0</segmented>
	<object>
		<name>Helmet</name>
		<pose>Unspecified</pose>
		<truncated>0</truncated>
		<difficult>0</difficult>
		<bndbox>
			<xmin>50</xmin>
			<ymin>153</ymin>
			<xmax>81</xmax>
			<ymax>194</ymax>
		</bndbox>
	</object>
	<object>
		<name>Helmet</name>
		<pose>Unspecified</pose>
		<truncated>0</truncated>
		<difficult>0</difficult>
		<bndbox>
			<xmin>128</xmin>
			<ymin>152</ymin>
			<xmax>163</xmax>
			<ymax>208</ymax>
		</bndbox>
	</object>
	<object>
		<name>Helmet</name>
		<pose>Unspecified</pose>
		<truncated>0</truncated>
		<difficult>0</difficult>
		<bndbox>
			<xmin>191</xmin>
			<ymin>132</ymin>
			<xmax>219</xmax>
			<ymax>174</ymax>
		</bndbox>
	</object>
	<object>
		<name>Helmet</name>
		<pose>Unspecified</pose>
		<truncated>0</truncated>
		<difficult>0</difficult>
		<bndbox>
			<xmin>256</xmin>
			<ymin>145</ymin>
			<xmax>289</xmax>
			<ymax>191</ymax>
		</bndbox>
	</object>
	<object>
		<name>Helmet</name>
		<pose>Unspecified</pose>
		<truncated>0</truncated>
		<difficult>0</difficult>
		<bndbox>
			<xmin>331</xmin>
			<ymin>127</ymin>
			<xmax>357</xmax>
			<ymax>159</ymax>
		</bndbox>
	</object>
</annotation>
