<annotation>
	<folder>train</folder>
	<filename>BikesHelmets291_png_jpg.rf.dbe5df04890b7e16f97129313f8d4d66.jpg</filename>
	<path>D:\helmet detector\data (1)\train\BikesHelmets291_png_jpg.rf.dbe5df04890b7e16f97129313f8d4d66.jpg</path>
	<source>
		<database>Unknown</database>
	</source>
	<size>
		<width>416</width>
		<height>416</height>
		<depth>3</depth>
	</size>
	<segmented>0</segmented>
	<object>
		<name>No Helmet</name>
		<pose>Unspecified</pose>
		<truncated>0</truncated>
		<difficult>0</difficult>
		<bndbox>
			<xmin>219</xmin>
			<ymin>24</ymin>
			<xmax>267</xmax>
			<ymax>86</ymax>
		</bndbox>
	</object>
</annotation>
