<annotation>
	<folder>train</folder>
	<filename>BikesHelmets147_png_jpg.rf.df63438b44d16b915cd35593edb494eb.jpg</filename>
	<path>D:\helmet detector\data (1)\train\BikesHelmets147_png_jpg.rf.df63438b44d16b915cd35593edb494eb.jpg</path>
	<source>
		<database>Unknown</database>
	</source>
	<size>
		<width>416</width>
		<height>416</height>
		<depth>3</depth>
	</size>
	<segmented>0</segmented>
	<object>
		<name>Helmet</name>
		<pose>Unspecified</pose>
		<truncated>1</truncated>
		<difficult>0</difficult>
		<bndbox>
			<xmin>214</xmin>
			<ymin>1</ymin>
			<xmax>284</xmax>
			<ymax>56</ymax>
		</bndbox>
	</object>
	<object>
		<name>Helmet</name>
		<pose>Unspecified</pose>
		<truncated>0</truncated>
		<difficult>0</difficult>
		<bndbox>
			<xmin>149</xmin>
			<ymin>88</ymin>
			<xmax>243</xmax>
			<ymax>211</ymax>
		</bndbox>
	</object>
</annotation>
