<annotation>
	<folder>train</folder>
	<filename>BikesHelmets3_png_jpg.rf.c8959380ea4379fdb4705e44020f9fc7.jpg</filename>
	<path>D:\helmet detector\data (1)\train\BikesHelmets3_png_jpg.rf.c8959380ea4379fdb4705e44020f9fc7.jpg</path>
	<source>
		<database>Unknown</database>
	</source>
	<size>
		<width>416</width>
		<height>416</height>
		<depth>3</depth>
	</size>
	<segmented>0</segmented>
	<object>
		<name>Helmet</name>
		<pose>Unspecified</pose>
		<truncated>0</truncated>
		<difficult>0</difficult>
		<bndbox>
			<xmin>203</xmin>
			<ymin>78</ymin>
			<xmax>232</xmax>
			<ymax>114</ymax>
		</bndbox>
	</object>
	<object>
		<name>Helmet</name>
		<pose>Unspecified</pose>
		<truncated>0</truncated>
		<difficult>0</difficult>
		<bndbox>
			<xmin>295</xmin>
			<ymin>104</ymin>
			<xmax>320</xmax>
			<ymax>139</ymax>
		</bndbox>
	</object>
</annotation>
