<annotation>
	<folder>train</folder>
	<filename>BikesHelmets161_png_jpg.rf.f651b4559c2bb0cefccb63af0b8f3526.jpg</filename>
	<path>D:\helmet detector\data (1)\train\BikesHelmets161_png_jpg.rf.f651b4559c2bb0cefccb63af0b8f3526.jpg</path>
	<source>
		<database>Unknown</database>
	</source>
	<size>
		<width>416</width>
		<height>416</height>
		<depth>3</depth>
	</size>
	<segmented>0</segmented>
	<object>
		<name>Helmet</name>
		<pose>Unspecified</pose>
		<truncated>0</truncated>
		<difficult>0</difficult>
		<bndbox>
			<xmin>134</xmin>
			<ymin>59</ymin>
			<xmax>195</xmax>
			<ymax>140</ymax>
		</bndbox>
	</object>
</annotation>
