<annotation>
	<folder>train</folder>
	<filename>BikesHelmets133_png_jpg.rf.c1a2b5a5731afd26f83baa291e946cbe.jpg</filename>
	<path>D:\helmet detector\data (1)\train\BikesHelmets133_png_jpg.rf.c1a2b5a5731afd26f83baa291e946cbe.jpg</path>
	<source>
		<database>Unknown</database>
	</source>
	<size>
		<width>416</width>
		<height>416</height>
		<depth>3</depth>
	</size>
	<segmented>0</segmented>
	<object>
		<name>No Helmet</name>
		<pose>Unspecified</pose>
		<truncated>0</truncated>
		<difficult>0</difficult>
		<bndbox>
			<xmin>157</xmin>
			<ymin>135</ymin>
			<xmax>184</xmax>
			<ymax>190</ymax>
		</bndbox>
	</object>
</annotation>
