<annotation>
	<folder>train</folder>
	<filename>BikesHelmets106_png_jpg.rf.e4bcbeb9314b857d0c16dbf44b7371e3.jpg</filename>
	<path>D:\helmet detector\data (1)\train\BikesHelmets106_png_jpg.rf.e4bcbeb9314b857d0c16dbf44b7371e3.jpg</path>
	<source>
		<database>Unknown</database>
	</source>
	<size>
		<width>416</width>
		<height>416</height>
		<depth>3</depth>
	</size>
	<segmented>0</segmented>
	<object>
		<name>Helmet</name>
		<pose>Unspecified</pose>
		<truncated>0</truncated>
		<difficult>0</difficult>
		<bndbox>
			<xmin>308</xmin>
			<ymin>164</ymin>
			<xmax>353</xmax>
			<ymax>231</ymax>
		</bndbox>
	</object>
	<object>
		<name>Helmet</name>
		<pose>Unspecified</pose>
		<truncated>0</truncated>
		<difficult>0</difficult>
		<bndbox>
			<xmin>247</xmin>
			<ymin>244</ymin>
			<xmax>267</xmax>
			<ymax>277</ymax>
		</bndbox>
	</object>
	<object>
		<name>Helmet</name>
		<pose>Unspecified</pose>
		<truncated>0</truncated>
		<difficult>0</difficult>
		<bndbox>
			<xmin>119</xmin>
			<ymin>60</ymin>
			<xmax>188</xmax>
			<ymax>173</ymax>
		</bndbox>
	</object>
</annotation>
