<annotation>
	<folder>train</folder>
	<filename>BikesHelmets222_png_jpg.rf.871cef34a55547eea861751bf2299b53.jpg</filename>
	<path>D:\helmet detector\data (1)\train\BikesHelmets222_png_jpg.rf.871cef34a55547eea861751bf2299b53.jpg</path>
	<source>
		<database>Unknown</database>
	</source>
	<size>
		<width>416</width>
		<height>416</height>
		<depth>3</depth>
	</size>
	<segmented>0</segmented>
	<object>
		<name>No Helmet</name>
		<pose>Unspecified</pose>
		<truncated>0</truncated>
		<difficult>0</difficult>
		<bndbox>
			<xmin>115</xmin>
			<ymin>122</ymin>
			<xmax>138</xmax>
			<ymax>152</ymax>
		</bndbox>
	</object>
	<object>
		<name>No Helmet</name>
		<pose>Unspecified</pose>
		<truncated>0</truncated>
		<difficult>0</difficult>
		<bndbox>
			<xmin>144</xmin>
			<ymin>123</ymin>
			<xmax>162</xmax>
			<ymax>153</ymax>
		</bndbox>
	</object>
	<object>
		<name>No Helmet</name>
		<pose>Unspecified</pose>
		<truncated>0</truncated>
		<difficult>0</difficult>
		<bndbox>
			<xmin>178</xmin>
			<ymin>77</ymin>
			<xmax>200</xmax>
			<ymax>114</ymax>
		</bndbox>
	</object>
</annotation>
