<annotation>
	<folder>train</folder>
	<filename>BikesHelmets244_png_jpg.rf.62887825787da184ca1d822a6a738def.jpg</filename>
	<path>D:\helmet detector\data (1)\train\BikesHelmets244_png_jpg.rf.62887825787da184ca1d822a6a738def.jpg</path>
	<source>
		<database>Unknown</database>
	</source>
	<size>
		<width>416</width>
		<height>416</height>
		<depth>3</depth>
	</size>
	<segmented>0</segmented>
	<object>
		<name>Helmet</name>
		<pose>Unspecified</pose>
		<truncated>0</truncated>
		<difficult>0</difficult>
		<bndbox>
			<xmin>234</xmin>
			<ymin>104</ymin>
			<xmax>246</xmax>
			<ymax>123</ymax>
		</bndbox>
	</object>
	<object>
		<name>Helmet</name>
		<pose>Unspecified</pose>
		<truncated>0</truncated>
		<difficult>0</difficult>
		<bndbox>
			<xmin>217</xmin>
			<ymin>114</ymin>
			<xmax>230</xmax>
			<ymax>141</ymax>
		</bndbox>
	</object>
	<object>
		<name>Helmet</name>
		<pose>Unspecified</pose>
		<truncated>0</truncated>
		<difficult>0</difficult>
		<bndbox>
			<xmin>233</xmin>
			<ymin>136</ymin>
			<xmax>247</xmax>
			<ymax>157</ymax>
		</bndbox>
	</object>
	<object>
		<name>Helmet</name>
		<pose>Unspecified</pose>
		<truncated>0</truncated>
		<difficult>0</difficult>
		<bndbox>
			<xmin>277</xmin>
			<ymin>126</ymin>
			<xmax>298</xmax>
			<ymax>166</ymax>
		</bndbox>
	</object>
	<object>
		<name>Helmet</name>
		<pose>Unspecified</pose>
		<truncated>0</truncated>
		<difficult>0</difficult>
		<bndbox>
			<xmin>308</xmin>
			<ymin>147</ymin>
			<xmax>331</xmax>
			<ymax>198</ymax>
		</bndbox>
	</object>
</annotation>
