<annotation>
	<folder>train</folder>
	<filename>BikesHelmets133_png_jpg.rf.a0bf125d8961caed84e1aa80b8ab09e0.jpg</filename>
	<path>D:\helmet detector\data (1)\train\BikesHelmets133_png_jpg.rf.a0bf125d8961caed84e1aa80b8ab09e0.jpg</path>
	<source>
		<database>Unknown</database>
	</source>
	<size>
		<width>416</width>
		<height>416</height>
		<depth>3</depth>
	</size>
	<segmented>0</segmented>
	<object>
		<name>No Helmet</name>
		<pose>Unspecified</pose>
		<truncated>0</truncated>
		<difficult>0</difficult>
		<bndbox>
			<xmin>157</xmin>
			<ymin>135</ymin>
			<xmax>183</xmax>
			<ymax>186</ymax>
		</bndbox>
	</object>
</annotation>
