<annotation>
	<folder>train</folder>
	<filename>BikesHelmets284_png_jpg.rf.3ac2e91ea18e37bbadc8f3861466dd0d.jpg</filename>
	<path>D:\helmet detector\data (1)\train\BikesHelmets284_png_jpg.rf.3ac2e91ea18e37bbadc8f3861466dd0d.jpg</path>
	<source>
		<database>Unknown</database>
	</source>
	<size>
		<width>416</width>
		<height>416</height>
		<depth>3</depth>
	</size>
	<segmented>0</segmented>
	<object>
		<name>No Helmet</name>
		<pose>Unspecified</pose>
		<truncated>0</truncated>
		<difficult>0</difficult>
		<bndbox>
			<xmin>327</xmin>
			<ymin>43</ymin>
			<xmax>384</xmax>
			<ymax>131</ymax>
		</bndbox>
	</object>
	<object>
		<name>Helmet</name>
		<pose>Unspecified</pose>
		<truncated>0</truncated>
		<difficult>0</difficult>
		<bndbox>
			<xmin>214</xmin>
			<ymin>42</ymin>
			<xmax>268</xmax>
			<ymax>109</ymax>
		</bndbox>
	</object>
</annotation>
