<annotation>
	<folder>train</folder>
	<filename>BikesHelmets23_png_jpg.rf.8019aa1b570e0671a0aff9ee6f71767d.jpg</filename>
	<path>D:\helmet detector\data (1)\train\BikesHelmets23_png_jpg.rf.8019aa1b570e0671a0aff9ee6f71767d.jpg</path>
	<source>
		<database>Unknown</database>
	</source>
	<size>
		<width>416</width>
		<height>416</height>
		<depth>3</depth>
	</size>
	<segmented>0</segmented>
	<object>
		<name>Helmet</name>
		<pose>Unspecified</pose>
		<truncated>0</truncated>
		<difficult>0</difficult>
		<bndbox>
			<xmin>118</xmin>
			<ymin>34</ymin>
			<xmax>171</xmax>
			<ymax>116</ymax>
		</bndbox>
	</object>
	<object>
		<name>Helmet</name>
		<pose>Unspecified</pose>
		<truncated>0</truncated>
		<difficult>0</difficult>
		<bndbox>
			<xmin>315</xmin>
			<ymin>101</ymin>
			<xmax>346</xmax>
			<ymax>143</ymax>
		</bndbox>
	</object>
	<object>
		<name>Helmet</name>
		<pose>Unspecified</pose>
		<truncated>0</truncated>
		<difficult>0</difficult>
		<bndbox>
			<xmin>352</xmin>
			<ymin>100</ymin>
			<xmax>371</xmax>
			<ymax>141</ymax>
		</bndbox>
	</object>
</annotation>
