<annotation>
	<folder>train</folder>
	<filename>BikesHelmets20_png_jpg.rf.5ae1b3a93d641c368e047a9a388fd69f.jpg</filename>
	<path>D:\helmet detector\data (1)\train\BikesHelmets20_png_jpg.rf.5ae1b3a93d641c368e047a9a388fd69f.jpg</path>
	<source>
		<database>Unknown</database>
	</source>
	<size>
		<width>416</width>
		<height>416</height>
		<depth>3</depth>
	</size>
	<segmented>0</segmented>
	<object>
		<name>Helmet</name>
		<pose>Unspecified</pose>
		<truncated>0</truncated>
		<difficult>0</difficult>
		<bndbox>
			<xmin>133</xmin>
			<ymin>117</ymin>
			<xmax>217</xmax>
			<ymax>200</ymax>
		</bndbox>
	</object>
	<object>
		<name>Helmet</name>
		<pose>Unspecified</pose>
		<truncated>0</truncated>
		<difficult>0</difficult>
		<bndbox>
			<xmin>216</xmin>
			<ymin>168</ymin>
			<xmax>377</xmax>
			<ymax>315</ymax>
		</bndbox>
	</object>
</annotation>
