<annotation>
	<folder>train</folder>
	<filename>BikesHelmets213_png_jpg.rf.069dc2f76121e023ac5cb537a5a11df6.jpg</filename>
	<path>D:\helmet detector\data (1)\train\BikesHelmets213_png_jpg.rf.069dc2f76121e023ac5cb537a5a11df6.jpg</path>
	<source>
		<database>Unknown</database>
	</source>
	<size>
		<width>416</width>
		<height>416</height>
		<depth>3</depth>
	</size>
	<segmented>0</segmented>
	<object>
		<name>Helmet</name>
		<pose>Unspecified</pose>
		<truncated>0</truncated>
		<difficult>0</difficult>
		<bndbox>
			<xmin>67</xmin>
			<ymin>162</ymin>
			<xmax>91</xmax>
			<ymax>187</ymax>
		</bndbox>
	</object>
	<object>
		<name>Helmet</name>
		<pose>Unspecified</pose>
		<truncated>0</truncated>
		<difficult>0</difficult>
		<bndbox>
			<xmin>156</xmin>
			<ymin>63</ymin>
			<xmax>186</xmax>
			<ymax>120</ymax>
		</bndbox>
	</object>
	<object>
		<name>Helmet</name>
		<pose>Unspecified</pose>
		<truncated>0</truncated>
		<difficult>0</difficult>
		<bndbox>
			<xmin>295</xmin>
			<ymin>78</ymin>
			<xmax>328</xmax>
			<ymax>131</ymax>
		</bndbox>
	</object>
	<object>
		<name>Helmet</name>
		<pose>Unspecified</pose>
		<truncated>0</truncated>
		<difficult>0</difficult>
		<bndbox>
			<xmin>353</xmin>
			<ymin>142</ymin>
			<xmax>376</xmax>
			<ymax>175</ymax>
		</bndbox>
	</object>
</annotation>
