<annotation>
	<folder>train</folder>
	<filename>BikesHelmets270_png_jpg.rf.aaa24608e7821d5896090f111557a1e0.jpg</filename>
	<path>D:\helmet detector\data (1)\train\BikesHelmets270_png_jpg.rf.aaa24608e7821d5896090f111557a1e0.jpg</path>
	<source>
		<database>Unknown</database>
	</source>
	<size>
		<width>416</width>
		<height>416</height>
		<depth>3</depth>
	</size>
	<segmented>0</segmented>
	<object>
		<name>Helmet</name>
		<pose>Unspecified</pose>
		<truncated>0</truncated>
		<difficult>0</difficult>
		<bndbox>
			<xmin>174</xmin>
			<ymin>19</ymin>
			<xmax>256</xmax>
			<ymax>143</ymax>
		</bndbox>
	</object>
</annotation>
