<annotation>
	<folder>train</folder>
	<filename>BikesHelmets300_png_jpg.rf.7b64c60dedab6eeee2da9f7919d397cf.jpg</filename>
	<path>D:\helmet detector\data (1)\train\BikesHelmets300_png_jpg.rf.7b64c60dedab6eeee2da9f7919d397cf.jpg</path>
	<source>
		<database>Unknown</database>
	</source>
	<size>
		<width>416</width>
		<height>416</height>
		<depth>3</depth>
	</size>
	<segmented>0</segmented>
	<object>
		<name>Helmet</name>
		<pose>Unspecified</pose>
		<truncated>0</truncated>
		<difficult>0</difficult>
		<bndbox>
			<xmin>189</xmin>
			<ymin>29</ymin>
			<xmax>243</xmax>
			<ymax>112</ymax>
		</bndbox>
	</object>
	<object>
		<name>Helmet</name>
		<pose>Unspecified</pose>
		<truncated>0</truncated>
		<difficult>0</difficult>
		<bndbox>
			<xmin>95</xmin>
			<ymin>17</ymin>
			<xmax>172</xmax>
			<ymax>107</ymax>
		</bndbox>
	</object>
</annotation>
