<annotation>
	<folder>train</folder>
	<filename>BikesHelmets113_png_jpg.rf.a6fd8e315ffcb926fa920b72a0fa7488.jpg</filename>
	<path>D:\helmet detector\data (1)\train\BikesHelmets113_png_jpg.rf.a6fd8e315ffcb926fa920b72a0fa7488.jpg</path>
	<source>
		<database>Unknown</database>
	</source>
	<size>
		<width>416</width>
		<height>416</height>
		<depth>3</depth>
	</size>
	<segmented>0</segmented>
	<object>
		<name>No Helmet</name>
		<pose>Unspecified</pose>
		<truncated>0</truncated>
		<difficult>0</difficult>
		<bndbox>
			<xmin>236</xmin>
			<ymin>18</ymin>
			<xmax>283</xmax>
			<ymax>85</ymax>
		</bndbox>
	</object>
	<object>
		<name>Helmet</name>
		<pose>Unspecified</pose>
		<truncated>0</truncated>
		<difficult>0</difficult>
		<bndbox>
			<xmin>153</xmin>
			<ymin>7</ymin>
			<xmax>210</xmax>
			<ymax>103</ymax>
		</bndbox>
	</object>
</annotation>
