<annotation>
	<folder>train</folder>
	<filename>BikesHelmets211_png_jpg.rf.7cb49947b06ffe5b5c99c508e970e81b.jpg</filename>
	<path>D:\helmet detector\data (1)\train\BikesHelmets211_png_jpg.rf.7cb49947b06ffe5b5c99c508e970e81b.jpg</path>
	<source>
		<database>Unknown</database>
	</source>
	<size>
		<width>416</width>
		<height>416</height>
		<depth>3</depth>
	</size>
	<segmented>0</segmented>
	<object>
		<name>Helmet</name>
		<pose>Unspecified</pose>
		<truncated>0</truncated>
		<difficult>0</difficult>
		<bndbox>
			<xmin>163</xmin>
			<ymin>24</ymin>
			<xmax>224</xmax>
			<ymax>121</ymax>
		</bndbox>
	</object>
</annotation>
