<annotation>
	<folder>train</folder>
	<filename>BikesHelmets177_png_jpg.rf.d1c04ad46f40ff80e9702d469c5670af.jpg</filename>
	<path>D:\helmet detector\data (1)\train\BikesHelmets177_png_jpg.rf.d1c04ad46f40ff80e9702d469c5670af.jpg</path>
	<source>
		<database>Unknown</database>
	</source>
	<size>
		<width>416</width>
		<height>416</height>
		<depth>3</depth>
	</size>
	<segmented>0</segmented>
	<object>
		<name>Helmet</name>
		<pose>Unspecified</pose>
		<truncated>0</truncated>
		<difficult>0</difficult>
		<bndbox>
			<xmin>189</xmin>
			<ymin>40</ymin>
			<xmax>238</xmax>
			<ymax>132</ymax>
		</bndbox>
	</object>
</annotation>
