<annotation>
	<folder>train</folder>
	<filename>BikesHelmets254_png_jpg.rf.285e1af1667d050496b55566646c006f.jpg</filename>
	<path>D:\helmet detector\data (1)\train\BikesHelmets254_png_jpg.rf.285e1af1667d050496b55566646c006f.jpg</path>
	<source>
		<database>Unknown</database>
	</source>
	<size>
		<width>416</width>
		<height>416</height>
		<depth>3</depth>
	</size>
	<segmented>0</segmented>
	<object>
		<name>Helmet</name>
		<pose>Unspecified</pose>
		<truncated>0</truncated>
		<difficult>0</difficult>
		<bndbox>
			<xmin>16</xmin>
			<ymin>31</ymin>
			<xmax>135</xmax>
			<ymax>163</ymax>
		</bndbox>
	</object>
	<object>
		<name>Helmet</name>
		<pose>Unspecified</pose>
		<truncated>0</truncated>
		<difficult>0</difficult>
		<bndbox>
			<xmin>256</xmin>
			<ymin>45</ymin>
			<xmax>362</xmax>
			<ymax>183</ymax>
		</bndbox>
	</object>
</annotation>
