<annotation>
	<folder>train</folder>
	<filename>BikesHelmets168_png_jpg.rf.fa713044f96156d0acaec8ecbf4b506d.jpg</filename>
	<path>D:\helmet detector\data (1)\train\BikesHelmets168_png_jpg.rf.fa713044f96156d0acaec8ecbf4b506d.jpg</path>
	<source>
		<database>Unknown</database>
	</source>
	<size>
		<width>416</width>
		<height>416</height>
		<depth>3</depth>
	</size>
	<segmented>0</segmented>
	<object>
		<name>No Helmet</name>
		<pose>Unspecified</pose>
		<truncated>0</truncated>
		<difficult>0</difficult>
		<bndbox>
			<xmin>118</xmin>
			<ymin>2</ymin>
			<xmax>208</xmax>
			<ymax>118</ymax>
		</bndbox>
	</object>
</annotation>
