<annotation>
	<folder>train</folder>
	<filename>BikesHelmets232_png_jpg.rf.40ee89b0c13a5d774f63446f1472b3d5.jpg</filename>
	<path>D:\helmet detector\data (1)\train\BikesHelmets232_png_jpg.rf.40ee89b0c13a5d774f63446f1472b3d5.jpg</path>
	<source>
		<database>Unknown</database>
	</source>
	<size>
		<width>416</width>
		<height>416</height>
		<depth>3</depth>
	</size>
	<segmented>0</segmented>
	<object>
		<name>No Helmet</name>
		<pose>Unspecified</pose>
		<truncated>1</truncated>
		<difficult>0</difficult>
		<bndbox>
			<xmin>199</xmin>
			<ymin>1</ymin>
			<xmax>280</xmax>
			<ymax>117</ymax>
		</bndbox>
	</object>
</annotation>
