<annotation>
	<folder>train</folder>
	<filename>BikesHelmets282_png_jpg.rf.5d18cd02bf6d3857c45517ee92504eed.jpg</filename>
	<path>D:\helmet detector\data (1)\train\BikesHelmets282_png_jpg.rf.5d18cd02bf6d3857c45517ee92504eed.jpg</path>
	<source>
		<database>Unknown</database>
	</source>
	<size>
		<width>416</width>
		<height>416</height>
		<depth>3</depth>
	</size>
	<segmented>0</segmented>
	<object>
		<name>Helmet</name>
		<pose>Unspecified</pose>
		<truncated>0</truncated>
		<difficult>0</difficult>
		<bndbox>
			<xmin>147</xmin>
			<ymin>9</ymin>
			<xmax>282</xmax>
			<ymax>160</ymax>
		</bndbox>
	</object>
</annotation>
