<annotation>
	<folder>valid</folder>
	<filename>BikesHelmets210_png_jpg.rf.45f9cf699909183e49981a7419249c29.jpg</filename>
	<path>D:\helmet detector\data (1)\valid\BikesHelmets210_png_jpg.rf.45f9cf699909183e49981a7419249c29.jpg</path>
	<source>
		<database>Unknown</database>
	</source>
	<size>
		<width>416</width>
		<height>416</height>
		<depth>3</depth>
	</size>
	<segmented>0</segmented>
	<object>
		<name>Helmet</name>
		<pose>Unspecified</pose>
		<truncated>0</truncated>
		<difficult>0</difficult>
		<bndbox>
			<xmin>231</xmin>
			<ymin>84</ymin>
			<xmax>266</xmax>
			<ymax>147</ymax>
		</bndbox>
	</object>
</annotation>
