<annotation>
	<folder>train</folder>
	<filename>BikesHelmets247_png_jpg.rf.34b4846686610f2ddbba17b62c04352c.jpg</filename>
	<path>D:\helmet detector\data (1)\train\BikesHelmets247_png_jpg.rf.34b4846686610f2ddbba17b62c04352c.jpg</path>
	<source>
		<database>Unknown</database>
	</source>
	<size>
		<width>416</width>
		<height>416</height>
		<depth>3</depth>
	</size>
	<segmented>0</segmented>
	<object>
		<name>Helmet</name>
		<pose>Unspecified</pose>
		<truncated>0</truncated>
		<difficult>0</difficult>
		<bndbox>
			<xmin>111</xmin>
			<ymin>83</ymin>
			<xmax>164</xmax>
			<ymax>154</ymax>
		</bndbox>
	</object>
	<object>
		<name>Helmet</name>
		<pose>Unspecified</pose>
		<truncated>0</truncated>
		<difficult>0</difficult>
		<bndbox>
			<xmin>184</xmin>
			<ymin>98</ymin>
			<xmax>214</xmax>
			<ymax>162</ymax>
		</bndbox>
	</object>
	<object>
		<name>Helmet</name>
		<pose>Unspecified</pose>
		<truncated>0</truncated>
		<difficult>0</difficult>
		<bndbox>
			<xmin>228</xmin>
			<ymin>91</ymin>
			<xmax>272</xmax>
			<ymax>181</ymax>
		</bndbox>
	</object>
	<object>
		<name>Helmet</name>
		<pose>Unspecified</pose>
		<truncated>0</truncated>
		<difficult>0</difficult>
		<bndbox>
			<xmin>298</xmin>
			<ymin>36</ymin>
			<xmax>344</xmax>
			<ymax>103</ymax>
		</bndbox>
	</object>
</annotation>
