<annotation>
	<folder>train</folder>
	<filename>BikesHelmets194_png_jpg.rf.53b1cc0e1aca56d6bfc70671cc6ca1d6.jpg</filename>
	<path>D:\helmet detector\data (1)\train\BikesHelmets194_png_jpg.rf.53b1cc0e1aca56d6bfc70671cc6ca1d6.jpg</path>
	<source>
		<database>Unknown</database>
	</source>
	<size>
		<width>416</width>
		<height>416</height>
		<depth>3</depth>
	</size>
	<segmented>0</segmented>
	<object>
		<name>Helmet</name>
		<pose>Unspecified</pose>
		<truncated>0</truncated>
		<difficult>0</difficult>
		<bndbox>
			<xmin>267</xmin>
			<ymin>87</ymin>
			<xmax>297</xmax>
			<ymax>148</ymax>
		</bndbox>
	</object>
	<object>
		<name>Helmet</name>
		<pose>Unspecified</pose>
		<truncated>0</truncated>
		<difficult>0</difficult>
		<bndbox>
			<xmin>300</xmin>
			<ymin>94</ymin>
			<xmax>332</xmax>
			<ymax>147</ymax>
		</bndbox>
	</object>
	<object>
		<name>No Helmet</name>
		<pose>Unspecified</pose>
		<truncated>0</truncated>
		<difficult>0</difficult>
		<bndbox>
			<xmin>90</xmin>
			<ymin>81</ymin>
			<xmax>137</xmax>
			<ymax>227</ymax>
		</bndbox>
	</object>
</annotation>
