<annotation>
	<folder>train</folder>
	<filename>BikesHelmets103_png_jpg.rf.4a69d4fa5d209c49f92757096d2e3939.jpg</filename>
	<path>D:\helmet detector\data (1)\train\BikesHelmets103_png_jpg.rf.4a69d4fa5d209c49f92757096d2e3939.jpg</path>
	<source>
		<database>Unknown</database>
	</source>
	<size>
		<width>416</width>
		<height>416</height>
		<depth>3</depth>
	</size>
	<segmented>0</segmented>
	<object>
		<name>No Helmet</name>
		<pose>Unspecified</pose>
		<truncated>0</truncated>
		<difficult>0</difficult>
		<bndbox>
			<xmin>309</xmin>
			<ymin>24</ymin>
			<xmax>358</xmax>
			<ymax>80</ymax>
		</bndbox>
	</object>
	<object>
		<name>No Helmet</name>
		<pose>Unspecified</pose>
		<truncated>0</truncated>
		<difficult>0</difficult>
		<bndbox>
			<xmin>257</xmin>
			<ymin>26</ymin>
			<xmax>304</xmax>
			<ymax>79</ymax>
		</bndbox>
	</object>
	<object>
		<name>No Helmet</name>
		<pose>Unspecified</pose>
		<truncated>0</truncated>
		<difficult>0</difficult>
		<bndbox>
			<xmin>221</xmin>
			<ymin>42</ymin>
			<xmax>264</xmax>
			<ymax>97</ymax>
		</bndbox>
	</object>
</annotation>
