<annotation>
	<folder>train</folder>
	<filename>BikesHelmets264_png_jpg.rf.fc58cdb9ace7ec7821645e0a7099fe35.jpg</filename>
	<path>D:\helmet detector\data (1)\train\BikesHelmets264_png_jpg.rf.fc58cdb9ace7ec7821645e0a7099fe35.jpg</path>
	<source>
		<database>Unknown</database>
	</source>
	<size>
		<width>416</width>
		<height>416</height>
		<depth>3</depth>
	</size>
	<segmented>0</segmented>
	<object>
		<name>Helmet</name>
		<pose>Unspecified</pose>
		<truncated>0</truncated>
		<difficult>0</difficult>
		<bndbox>
			<xmin>195</xmin>
			<ymin>63</ymin>
			<xmax>215</xmax>
			<ymax>95</ymax>
		</bndbox>
	</object>
	<object>
		<name>Helmet</name>
		<pose>Unspecified</pose>
		<truncated>0</truncated>
		<difficult>0</difficult>
		<bndbox>
			<xmin>257</xmin>
			<ymin>36</ymin>
			<xmax>292</xmax>
			<ymax>99</ymax>
		</bndbox>
	</object>
	<object>
		<name>Helmet</name>
		<pose>Unspecified</pose>
		<truncated>0</truncated>
		<difficult>0</difficult>
		<bndbox>
			<xmin>344</xmin>
			<ymin>42</ymin>
			<xmax>377</xmax>
			<ymax>110</ymax>
		</bndbox>
	</object>
	<object>
		<name>Helmet</name>
		<pose>Unspecified</pose>
		<truncated>0</truncated>
		<difficult>0</difficult>
		<bndbox>
			<xmin>118</xmin>
			<ymin>49</ymin>
			<xmax>133</xmax>
			<ymax>78</ymax>
		</bndbox>
	</object>
	<object>
		<name>No Helmet</name>
		<pose>Unspecified</pose>
		<truncated>0</truncated>
		<difficult>0</difficult>
		<bndbox>
			<xmin>151</xmin>
			<ymin>59</ymin>
			<xmax>168</xmax>
			<ymax>91</ymax>
		</bndbox>
	</object>
	<object>
		<name>No Helmet</name>
		<pose>Unspecified</pose>
		<truncated>0</truncated>
		<difficult>0</difficult>
		<bndbox>
			<xmin>80</xmin>
			<ymin>55</ymin>
			<xmax>97</xmax>
			<ymax>83</ymax>
		</bndbox>
	</object>
	<object>
		<name>No Helmet</name>
		<pose>Unspecified</pose>
		<truncated>0</truncated>
		<difficult>0</difficult>
		<bndbox>
			<xmin>34</xmin>
			<ymin>48</ymin>
			<xmax>53</xmax>
			<ymax>73</ymax>
		</bndbox>
	</object>
</annotation>
