<annotation>
	<folder>train</folder>
	<filename>BikesHelmets262_png_jpg.rf.678d5639e64bc3c00208eca2679816e8.jpg</filename>
	<path>D:\helmet detector\data (1)\train\BikesHelmets262_png_jpg.rf.678d5639e64bc3c00208eca2679816e8.jpg</path>
	<source>
		<database>Unknown</database>
	</source>
	<size>
		<width>416</width>
		<height>416</height>
		<depth>3</depth>
	</size>
	<segmented>0</segmented>
	<object>
		<name>No Helmet</name>
		<pose>Unspecified</pose>
		<truncated>0</truncated>
		<difficult>0</difficult>
		<bndbox>
			<xmin>168</xmin>
			<ymin>152</ymin>
			<xmax>191</xmax>
			<ymax>189</ymax>
		</bndbox>
	</object>
	<object>
		<name>No Helmet</name>
		<pose>Unspecified</pose>
		<truncated>0</truncated>
		<difficult>0</difficult>
		<bndbox>
			<xmin>131</xmin>
			<ymin>119</ymin>
			<xmax>168</xmax>
			<ymax>169</ymax>
		</bndbox>
	</object>
	<object>
		<name>Helmet</name>
		<pose>Unspecified</pose>
		<truncated>0</truncated>
		<difficult>0</difficult>
		<bndbox>
			<xmin>190</xmin>
			<ymin>108</ymin>
			<xmax>228</xmax>
			<ymax>167</ymax>
		</bndbox>
	</object>
</annotation>
