<annotation>
	<folder>train</folder>
	<filename>BikesHelmets241_png_jpg.rf.dc1957bfbdb097923831fa1f79cb5300.jpg</filename>
	<path>D:\helmet detector\data (1)\train\BikesHelmets241_png_jpg.rf.dc1957bfbdb097923831fa1f79cb5300.jpg</path>
	<source>
		<database>Unknown</database>
	</source>
	<size>
		<width>416</width>
		<height>416</height>
		<depth>3</depth>
	</size>
	<segmented>0</segmented>
	<object>
		<name>Helmet</name>
		<pose>Unspecified</pose>
		<truncated>0</truncated>
		<difficult>0</difficult>
		<bndbox>
			<xmin>204</xmin>
			<ymin>101</ymin>
			<xmax>240</xmax>
			<ymax>146</ymax>
		</bndbox>
	</object>
</annotation>
