<annotation>
	<folder>train</folder>
	<filename>BikesHelmets155_png_jpg.rf.a9e71b93da8020cb542e12a80d4a93cc.jpg</filename>
	<path>D:\helmet detector\data (1)\train\BikesHelmets155_png_jpg.rf.a9e71b93da8020cb542e12a80d4a93cc.jpg</path>
	<source>
		<database>Unknown</database>
	</source>
	<size>
		<width>416</width>
		<height>416</height>
		<depth>3</depth>
	</size>
	<segmented>0</segmented>
	<object>
		<name>Helmet</name>
		<pose>Unspecified</pose>
		<truncated>0</truncated>
		<difficult>0</difficult>
		<bndbox>
			<xmin>44</xmin>
			<ymin>130</ymin>
			<xmax>124</xmax>
			<ymax>191</ymax>
		</bndbox>
	</object>
	<object>
		<name>Helmet</name>
		<pose>Unspecified</pose>
		<truncated>0</truncated>
		<difficult>0</difficult>
		<bndbox>
			<xmin>151</xmin>
			<ymin>33</ymin>
			<xmax>246</xmax>
			<ymax>122</ymax>
		</bndbox>
	</object>
</annotation>
