<annotation>
	<folder>valid</folder>
	<filename>BikesHelmets214_png_jpg.rf.1d0ffe8683b60c22758b285d719ad461.jpg</filename>
	<path>D:\helmet detector\data (1)\valid\BikesHelmets214_png_jpg.rf.1d0ffe8683b60c22758b285d719ad461.jpg</path>
	<source>
		<database>Unknown</database>
	</source>
	<size>
		<width>416</width>
		<height>416</height>
		<depth>3</depth>
	</size>
	<segmented>0</segmented>
	<object>
		<name>Helmet</name>
		<pose>Unspecified</pose>
		<truncated>0</truncated>
		<difficult>0</difficult>
		<bndbox>
			<xmin>159</xmin>
			<ymin>139</ymin>
			<xmax>207</xmax>
			<ymax>198</ymax>
		</bndbox>
	</object>
</annotation>
