<annotation>
	<folder>test</folder>
	<filename>BikesHelmets162_png_jpg.rf.afa7afdd78e5dd465e07020c8f6f8743.jpg</filename>
	<path>D:\helmet detector\data (1)\test\BikesHelmets162_png_jpg.rf.afa7afdd78e5dd465e07020c8f6f8743.jpg</path>
	<source>
		<database>Unknown</database>
	</source>
	<size>
		<width>416</width>
		<height>416</height>
		<depth>3</depth>
	</size>
	<segmented>0</segmented>
	<object>
		<name>Helmet</name>
		<pose>Unspecified</pose>
		<truncated>0</truncated>
		<difficult>0</difficult>
		<bndbox>
			<xmin>269</xmin>
			<ymin>19</ymin>
			<xmax>311</xmax>
			<ymax>77</ymax>
		</bndbox>
	</object>
	<object>
		<name>Helmet</name>
		<pose>Unspecified</pose>
		<truncated>0</truncated>
		<difficult>0</difficult>
		<bndbox>
			<xmin>202</xmin>
			<ymin>17</ymin>
			<xmax>282</xmax>
			<ymax>107</ymax>
		</bndbox>
	</object>
</annotation>
