<annotation>
	<folder>train</folder>
	<filename>BikesHelmets169_png_jpg.rf.efa821a2f0ca4e176fd7902b03e4909d.jpg</filename>
	<path>D:\helmet detector\data (1)\train\BikesHelmets169_png_jpg.rf.efa821a2f0ca4e176fd7902b03e4909d.jpg</path>
	<source>
		<database>Unknown</database>
	</source>
	<size>
		<width>416</width>
		<height>416</height>
		<depth>3</depth>
	</size>
	<segmented>0</segmented>
	<object>
		<name>Helmet</name>
		<pose>Unspecified</pose>
		<truncated>0</truncated>
		<difficult>0</difficult>
		<bndbox>
			<xmin>261</xmin>
			<ymin>26</ymin>
			<xmax>363</xmax>
			<ymax>159</ymax>
		</bndbox>
	</object>
	<object>
		<name>Helmet</name>
		<pose>Unspecified</pose>
		<truncated>0</truncated>
		<difficult>0</difficult>
		<bndbox>
			<xmin>218</xmin>
			<ymin>56</ymin>
			<xmax>279</xmax>
			<ymax>162</ymax>
		</bndbox>
	</object>
</annotation>
