<annotation>
	<folder>train</folder>
	<filename>BikesHelmets149_png_jpg.rf.1f2f58b72e17e94b0a07b7230c986483.jpg</filename>
	<path>D:\helmet detector\data (1)\train\BikesHelmets149_png_jpg.rf.1f2f58b72e17e94b0a07b7230c986483.jpg</path>
	<source>
		<database>Unknown</database>
	</source>
	<size>
		<width>416</width>
		<height>416</height>
		<depth>3</depth>
	</size>
	<segmented>0</segmented>
	<object>
		<name>Helmet</name>
		<pose>Unspecified</pose>
		<truncated>0</truncated>
		<difficult>0</difficult>
		<bndbox>
			<xmin>209</xmin>
			<ymin>68</ymin>
			<xmax>256</xmax>
			<ymax>127</ymax>
		</bndbox>
	</object>
	<object>
		<name>Helmet</name>
		<pose>Unspecified</pose>
		<truncated>0</truncated>
		<difficult>0</difficult>
		<bndbox>
			<xmin>122</xmin>
			<ymin>94</ymin>
			<xmax>140</xmax>
			<ymax>128</ymax>
		</bndbox>
	</object>
</annotation>
