<annotation>
	<folder>train</folder>
	<filename>BikesHelmets128_png_jpg.rf.b9a364cb914475b81fd254e14d3aac8e.jpg</filename>
	<path>D:\helmet detector\data (1)\train\BikesHelmets128_png_jpg.rf.b9a364cb914475b81fd254e14d3aac8e.jpg</path>
	<source>
		<database>Unknown</database>
	</source>
	<size>
		<width>416</width>
		<height>416</height>
		<depth>3</depth>
	</size>
	<segmented>0</segmented>
	<object>
		<name>No Helmet</name>
		<pose>Unspecified</pose>
		<truncated>0</truncated>
		<difficult>0</difficult>
		<bndbox>
			<xmin>236</xmin>
			<ymin>21</ymin>
			<xmax>268</xmax>
			<ymax>91</ymax>
		</bndbox>
	</object>
	<object>
		<name>No Helmet</name>
		<pose>Unspecified</pose>
		<truncated>0</truncated>
		<difficult>0</difficult>
		<bndbox>
			<xmin>203</xmin>
			<ymin>9</ymin>
			<xmax>237</xmax>
			<ymax>90</ymax>
		</bndbox>
	</object>
</annotation>
