<annotation>
	<folder>test</folder>
	<filename>BikesHelmets25_png_jpg.rf.26407bd609c970189f9eec53e7eef3cb.jpg</filename>
	<path>D:\helmet detector\data (1)\test\BikesHelmets25_png_jpg.rf.26407bd609c970189f9eec53e7eef3cb.jpg</path>
	<source>
		<database>Unknown</database>
	</source>
	<size>
		<width>416</width>
		<height>416</height>
		<depth>3</depth>
	</size>
	<segmented>0</segmented>
	<object>
		<name>Helmet</name>
		<pose>Unspecified</pose>
		<truncated>0</truncated>
		<difficult>0</difficult>
		<bndbox>
			<xmin>116</xmin>
			<ymin>4</ymin>
			<xmax>162</xmax>
			<ymax>87</ymax>
		</bndbox>
	</object>
	<object>
		<name>Helmet</name>
		<pose>Unspecified</pose>
		<truncated>0</truncated>
		<difficult>0</difficult>
		<bndbox>
			<xmin>268</xmin>
			<ymin>47</ymin>
			<xmax>308</xmax>
			<ymax>123</ymax>
		</bndbox>
	</object>
</annotation>
