<annotation>
	<folder>train</folder>
	<filename>BikesHelmets234_png_jpg.rf.3900e4f2175b52277fc7445b9d832fc3.jpg</filename>
	<path>D:\helmet detector\data (1)\train\BikesHelmets234_png_jpg.rf.3900e4f2175b52277fc7445b9d832fc3.jpg</path>
	<source>
		<database>Unknown</database>
	</source>
	<size>
		<width>416</width>
		<height>416</height>
		<depth>3</depth>
	</size>
	<segmented>0</segmented>
	<object>
		<name>Helmet</name>
		<pose>Unspecified</pose>
		<truncated>0</truncated>
		<difficult>0</difficult>
		<bndbox>
			<xmin>186</xmin>
			<ymin>16</ymin>
			<xmax>236</xmax>
			<ymax>102</ymax>
		</bndbox>
	</object>
</annotation>
