<annotation>
	<folder>train</folder>
	<filename>BikesHelmets209_png_jpg.rf.126a8b71cff387163740d93643107292.jpg</filename>
	<path>D:\helmet detector\data (1)\train\BikesHelmets209_png_jpg.rf.126a8b71cff387163740d93643107292.jpg</path>
	<source>
		<database>Unknown</database>
	</source>
	<size>
		<width>416</width>
		<height>416</height>
		<depth>3</depth>
	</size>
	<segmented>0</segmented>
	<object>
		<name>Helmet</name>
		<pose>Unspecified</pose>
		<truncated>0</truncated>
		<difficult>0</difficult>
		<bndbox>
			<xmin>104</xmin>
			<ymin>18</ymin>
			<xmax>157</xmax>
			<ymax>83</ymax>
		</bndbox>
	</object>
	<object>
		<name>Helmet</name>
		<pose>Unspecified</pose>
		<truncated>0</truncated>
		<difficult>0</difficult>
		<bndbox>
			<xmin>163</xmin>
			<ymin>20</ymin>
			<xmax>215</xmax>
			<ymax>94</ymax>
		</bndbox>
	</object>
</annotation>
