<annotation>
	<folder>train</folder>
	<filename>BikesHelmets247_png_jpg.rf.76a2fd696efa824a62fc2bad157cfe9f.jpg</filename>
	<path>D:\helmet detector\data (1)\train\BikesHelmets247_png_jpg.rf.76a2fd696efa824a62fc2bad157cfe9f.jpg</path>
	<source>
		<database>Unknown</database>
	</source>
	<size>
		<width>416</width>
		<height>416</height>
		<depth>3</depth>
	</size>
	<segmented>0</segmented>
	<object>
		<name>Helmet</name>
		<pose>Unspecified</pose>
		<truncated>0</truncated>
		<difficult>0</difficult>
		<bndbox>
			<xmin>115</xmin>
			<ymin>79</ymin>
			<xmax>164</xmax>
			<ymax>159</ymax>
		</bndbox>
	</object>
	<object>
		<name>Helmet</name>
		<pose>Unspecified</pose>
		<truncated>0</truncated>
		<difficult>0</difficult>
		<bndbox>
			<xmin>180</xmin>
			<ymin>97</ymin>
			<xmax>215</xmax>
			<ymax>164</ymax>
		</bndbox>
	</object>
	<object>
		<name>Helmet</name>
		<pose>Unspecified</pose>
		<truncated>0</truncated>
		<difficult>0</difficult>
		<bndbox>
			<xmin>224</xmin>
			<ymin>94</ymin>
			<xmax>274</xmax>
			<ymax>179</ymax>
		</bndbox>
	</object>
	<object>
		<name>Helmet</name>
		<pose>Unspecified</pose>
		<truncated>0</truncated>
		<difficult>0</difficult>
		<bndbox>
			<xmin>304</xmin>
			<ymin>39</ymin>
			<xmax>338</xmax>
			<ymax>105</ymax>
		</bndbox>
	</object>
</annotation>
