<annotation>
	<folder>train</folder>
	<filename>BikesHelmets107_png_jpg.rf.ccdf0660f3a1d265cca5519808331a9e.jpg</filename>
	<path>D:\helmet detector\data (1)\train\BikesHelmets107_png_jpg.rf.ccdf0660f3a1d265cca5519808331a9e.jpg</path>
	<source>
		<database>Unknown</database>
	</source>
	<size>
		<width>416</width>
		<height>416</height>
		<depth>3</depth>
	</size>
	<segmented>0</segmented>
	<object>
		<name>Helmet</name>
		<pose>Unspecified</pose>
		<truncated>0</truncated>
		<difficult>0</difficult>
		<bndbox>
			<xmin>206</xmin>
			<ymin>7</ymin>
			<xmax>281</xmax>
			<ymax>282</ymax>
		</bndbox>
	</object>
</annotation>
