<annotation>
	<folder>train</folder>
	<filename>BikesHelmets246_png_jpg.rf.6064d05d9bfc14ffa8085aa16082248c.jpg</filename>
	<path>D:\helmet detector\data (1)\train\BikesHelmets246_png_jpg.rf.6064d05d9bfc14ffa8085aa16082248c.jpg</path>
	<source>
		<database>Unknown</database>
	</source>
	<size>
		<width>416</width>
		<height>416</height>
		<depth>3</depth>
	</size>
	<segmented>0</segmented>
	<object>
		<name>Helmet</name>
		<pose>Unspecified</pose>
		<truncated>0</truncated>
		<difficult>0</difficult>
		<bndbox>
			<xmin>203</xmin>
			<ymin>18</ymin>
			<xmax>258</xmax>
			<ymax>98</ymax>
		</bndbox>
	</object>
</annotation>
