<annotation>
	<folder>train</folder>
	<filename>BikesHelmets21_png_jpg.rf.4991bef67f72fe48155981f6d1e8923b.jpg</filename>
	<path>D:\helmet detector\data (1)\train\BikesHelmets21_png_jpg.rf.4991bef67f72fe48155981f6d1e8923b.jpg</path>
	<source>
		<database>Unknown</database>
	</source>
	<size>
		<width>416</width>
		<height>416</height>
		<depth>3</depth>
	</size>
	<segmented>0</segmented>
	<object>
		<name>Helmet</name>
		<pose>Unspecified</pose>
		<truncated>0</truncated>
		<difficult>0</difficult>
		<bndbox>
			<xmin>111</xmin>
			<ymin>36</ymin>
			<xmax>212</xmax>
			<ymax>227</ymax>
		</bndbox>
	</object>
</annotation>
