<annotation>
	<folder>train</folder>
	<filename>BikesHelmets181_png_jpg.rf.6f1cb27d9ae81e514a431b77bbfe7652.jpg</filename>
	<path>D:\helmet detector\data (1)\train\BikesHelmets181_png_jpg.rf.6f1cb27d9ae81e514a431b77bbfe7652.jpg</path>
	<source>
		<database>Unknown</database>
	</source>
	<size>
		<width>416</width>
		<height>416</height>
		<depth>3</depth>
	</size>
	<segmented>0</segmented>
	<object>
		<name>Helmet</name>
		<pose>Unspecified</pose>
		<truncated>0</truncated>
		<difficult>0</difficult>
		<bndbox>
			<xmin>183</xmin>
			<ymin>49</ymin>
			<xmax>226</xmax>
			<ymax>116</ymax>
		</bndbox>
	</object>
	<object>
		<name>No Helmet</name>
		<pose>Unspecified</pose>
		<truncated>0</truncated>
		<difficult>0</difficult>
		<bndbox>
			<xmin>264</xmin>
			<ymin>30</ymin>
			<xmax>302</xmax>
			<ymax>92</ymax>
		</bndbox>
	</object>
</annotation>
