<annotation>
	<folder>train</folder>
	<filename>BikesHelmets235_png_jpg.rf.e8e5415230a51a75bc6e539216e477f2.jpg</filename>
	<path>D:\helmet detector\data (1)\train\BikesHelmets235_png_jpg.rf.e8e5415230a51a75bc6e539216e477f2.jpg</path>
	<source>
		<database>Unknown</database>
	</source>
	<size>
		<width>416</width>
		<height>416</height>
		<depth>3</depth>
	</size>
	<segmented>0</segmented>
	<object>
		<name>Helmet</name>
		<pose>Unspecified</pose>
		<truncated>0</truncated>
		<difficult>0</difficult>
		<bndbox>
			<xmin>299</xmin>
			<ymin>183</ymin>
			<xmax>314</xmax>
			<ymax>205</ymax>
		</bndbox>
	</object>
	<object>
		<name>Helmet</name>
		<pose>Unspecified</pose>
		<truncated>0</truncated>
		<difficult>0</difficult>
		<bndbox>
			<xmin>137</xmin>
			<ymin>194</ymin>
			<xmax>166</xmax>
			<ymax>223</ymax>
		</bndbox>
	</object>
</annotation>
