<annotation>
	<folder>train</folder>
	<filename>BikesHelmets172_png_jpg.rf.c8d30c7c6d7bde703d35b95f56c2fd62.jpg</filename>
	<path>D:\helmet detector\data (1)\train\BikesHelmets172_png_jpg.rf.c8d30c7c6d7bde703d35b95f56c2fd62.jpg</path>
	<source>
		<database>Unknown</database>
	</source>
	<size>
		<width>416</width>
		<height>416</height>
		<depth>3</depth>
	</size>
	<segmented>0</segmented>
	<object>
		<name>No Helmet</name>
		<pose>Unspecified</pose>
		<truncated>0</truncated>
		<difficult>0</difficult>
		<bndbox>
			<xmin>84</xmin>
			<ymin>10</ymin>
			<xmax>124</xmax>
			<ymax>73</ymax>
		</bndbox>
	</object>
	<object>
		<name>No Helmet</name>
		<pose>Unspecified</pose>
		<truncated>0</truncated>
		<difficult>0</difficult>
		<bndbox>
			<xmin>320</xmin>
			<ymin>4</ymin>
			<xmax>360</xmax>
			<ymax>63</ymax>
		</bndbox>
	</object>
</annotation>
