<annotation>
	<folder>train</folder>
	<filename>BikesHelmets129_png_jpg.rf.869cfc72e385ed8eab3d9430c01d62c1.jpg</filename>
	<path>D:\helmet detector\data (1)\train\BikesHelmets129_png_jpg.rf.869cfc72e385ed8eab3d9430c01d62c1.jpg</path>
	<source>
		<database>Unknown</database>
	</source>
	<size>
		<width>416</width>
		<height>416</height>
		<depth>3</depth>
	</size>
	<segmented>0</segmented>
	<object>
		<name>Helmet</name>
		<pose>Unspecified</pose>
		<truncated>0</truncated>
		<difficult>0</difficult>
		<bndbox>
			<xmin>169</xmin>
			<ymin>57</ymin>
			<xmax>195</xmax>
			<ymax>107</ymax>
		</bndbox>
	</object>
</annotation>
