<annotation>
	<folder>train</folder>
	<filename>BikesHelmets112_png_jpg.rf.7b3c736ca9948bf05a8cb65960ba46f6.jpg</filename>
	<path>D:\helmet detector\data (1)\train\BikesHelmets112_png_jpg.rf.7b3c736ca9948bf05a8cb65960ba46f6.jpg</path>
	<source>
		<database>Unknown</database>
	</source>
	<size>
		<width>416</width>
		<height>416</height>
		<depth>3</depth>
	</size>
	<segmented>0</segmented>
	<object>
		<name>No Helmet</name>
		<pose>Unspecified</pose>
		<truncated>0</truncated>
		<difficult>0</difficult>
		<bndbox>
			<xmin>234</xmin>
			<ymin>29</ymin>
			<xmax>307</xmax>
			<ymax>214</ymax>
		</bndbox>
	</object>
	<object>
		<name>No Helmet</name>
		<pose>Unspecified</pose>
		<truncated>0</truncated>
		<difficult>0</difficult>
		<bndbox>
			<xmin>281</xmin>
			<ymin>2</ymin>
			<xmax>354</xmax>
			<ymax>160</ymax>
		</bndbox>
	</object>
	<object>
		<name>No Helmet</name>
		<pose>Unspecified</pose>
		<truncated>0</truncated>
		<difficult>0</difficult>
		<bndbox>
			<xmin>112</xmin>
			<ymin>42</ymin>
			<xmax>172</xmax>
			<ymax>194</ymax>
		</bndbox>
	</object>
</annotation>
