<annotation>
	<folder>train</folder>
	<filename>BikesHelmets231_png_jpg.rf.6ec5b85bc4758de318f929c1cc157fb3.jpg</filename>
	<path>D:\helmet detector\data (1)\train\BikesHelmets231_png_jpg.rf.6ec5b85bc4758de318f929c1cc157fb3.jpg</path>
	<source>
		<database>Unknown</database>
	</source>
	<size>
		<width>416</width>
		<height>416</height>
		<depth>3</depth>
	</size>
	<segmented>0</segmented>
	<object>
		<name>Helmet</name>
		<pose>Unspecified</pose>
		<truncated>0</truncated>
		<difficult>0</difficult>
		<bndbox>
			<xmin>149</xmin>
			<ymin>14</ymin>
			<xmax>214</xmax>
			<ymax>94</ymax>
		</bndbox>
	</object>
	<object>
		<name>No Helmet</name>
		<pose>Unspecified</pose>
		<truncated>0</truncated>
		<difficult>0</difficult>
		<bndbox>
			<xmin>241</xmin>
			<ymin>24</ymin>
			<xmax>279</xmax>
			<ymax>99</ymax>
		</bndbox>
	</object>
</annotation>
