<annotation>
	<folder>train</folder>
	<filename>BikesHelmets223_png_jpg.rf.45000592952eb48bf65652ec3474f938.jpg</filename>
	<path>D:\helmet detector\data (1)\train\BikesHelmets223_png_jpg.rf.45000592952eb48bf65652ec3474f938.jpg</path>
	<source>
		<database>Unknown</database>
	</source>
	<size>
		<width>416</width>
		<height>416</height>
		<depth>3</depth>
	</size>
	<segmented>0</segmented>
	<object>
		<name>No Helmet</name>
		<pose>Unspecified</pose>
		<truncated>0</truncated>
		<difficult>0</difficult>
		<bndbox>
			<xmin>293</xmin>
			<ymin>22</ymin>
			<xmax>335</xmax>
			<ymax>79</ymax>
		</bndbox>
	</object>
	<object>
		<name>No Helmet</name>
		<pose>Unspecified</pose>
		<truncated>0</truncated>
		<difficult>0</difficult>
		<bndbox>
			<xmin>256</xmin>
			<ymin>39</ymin>
			<xmax>292</xmax>
			<ymax>91</ymax>
		</bndbox>
	</object>
</annotation>
