<annotation>
	<folder>train</folder>
	<filename>BikesHelmets234_png_jpg.rf.42236ded04929f184afc1fabdd2f1780.jpg</filename>
	<path>D:\helmet detector\data (1)\train\BikesHelmets234_png_jpg.rf.42236ded04929f184afc1fabdd2f1780.jpg</path>
	<source>
		<database>Unknown</database>
	</source>
	<size>
		<width>416</width>
		<height>416</height>
		<depth>3</depth>
	</size>
	<segmented>0</segmented>
	<object>
		<name>Helmet</name>
		<pose>Unspecified</pose>
		<truncated>0</truncated>
		<difficult>0</difficult>
		<bndbox>
			<xmin>185</xmin>
			<ymin>21</ymin>
			<xmax>237</xmax>
			<ymax>108</ymax>
		</bndbox>
	</object>
</annotation>
