<annotation>
	<folder>train</folder>
	<filename>BikesHelmets290_png_jpg.rf.c51acf2a5ea73b35ee5986a8dbca931e.jpg</filename>
	<path>D:\helmet detector\data (1)\train\BikesHelmets290_png_jpg.rf.c51acf2a5ea73b35ee5986a8dbca931e.jpg</path>
	<source>
		<database>Unknown</database>
	</source>
	<size>
		<width>416</width>
		<height>416</height>
		<depth>3</depth>
	</size>
	<segmented>0</segmented>
	<object>
		<name>Helmet</name>
		<pose>Unspecified</pose>
		<truncated>0</truncated>
		<difficult>0</difficult>
		<bndbox>
			<xmin>196</xmin>
			<ymin>47</ymin>
			<xmax>244</xmax>
			<ymax>147</ymax>
		</bndbox>
	</object>
</annotation>
