<annotation>
	<folder>valid</folder>
	<filename>BikesHelmets275_png_jpg.rf.3385ff45c479cf986395feb129564fd9.jpg</filename>
	<path>D:\helmet detector\data (1)\valid\BikesHelmets275_png_jpg.rf.3385ff45c479cf986395feb129564fd9.jpg</path>
	<source>
		<database>Unknown</database>
	</source>
	<size>
		<width>416</width>
		<height>416</height>
		<depth>3</depth>
	</size>
	<segmented>0</segmented>
	<object>
		<name>No Helmet</name>
		<pose>Unspecified</pose>
		<truncated>0</truncated>
		<difficult>0</difficult>
		<bndbox>
			<xmin>254</xmin>
			<ymin>3</ymin>
			<xmax>360</xmax>
			<ymax>96</ymax>
		</bndbox>
	</object>
</annotation>
