<annotation>
	<folder>train</folder>
	<filename>BikesHelmets156_png_jpg.rf.a547f06d2fc116c7f7f1128387d8f2f8.jpg</filename>
	<path>D:\helmet detector\data (1)\train\BikesHelmets156_png_jpg.rf.a547f06d2fc116c7f7f1128387d8f2f8.jpg</path>
	<source>
		<database>Unknown</database>
	</source>
	<size>
		<width>416</width>
		<height>416</height>
		<depth>3</depth>
	</size>
	<segmented>0</segmented>
	<object>
		<name>No Helmet</name>
		<pose>Unspecified</pose>
		<truncated>0</truncated>
		<difficult>0</difficult>
		<bndbox>
			<xmin>192</xmin>
			<ymin>6</ymin>
			<xmax>227</xmax>
			<ymax>76</ymax>
		</bndbox>
	</object>
</annotation>
