<annotation>
	<folder>train</folder>
	<filename>BikesHelmets114_png_jpg.rf.39f6d356f3b2988ae3292e25e227cd19.jpg</filename>
	<path>D:\helmet detector\data (1)\train\BikesHelmets114_png_jpg.rf.39f6d356f3b2988ae3292e25e227cd19.jpg</path>
	<source>
		<database>Unknown</database>
	</source>
	<size>
		<width>416</width>
		<height>416</height>
		<depth>3</depth>
	</size>
	<segmented>0</segmented>
	<object>
		<name>Helmet</name>
		<pose>Unspecified</pose>
		<truncated>0</truncated>
		<difficult>0</difficult>
		<bndbox>
			<xmin>61</xmin>
			<ymin>84</ymin>
			<xmax>92</xmax>
			<ymax>133</ymax>
		</bndbox>
	</object>
	<object>
		<name>Helmet</name>
		<pose>Unspecified</pose>
		<truncated>0</truncated>
		<difficult>0</difficult>
		<bndbox>
			<xmin>98</xmin>
			<ymin>76</ymin>
			<xmax>124</xmax>
			<ymax>122</ymax>
		</bndbox>
	</object>
	<object>
		<name>Helmet</name>
		<pose>Unspecified</pose>
		<truncated>0</truncated>
		<difficult>0</difficult>
		<bndbox>
			<xmin>142</xmin>
			<ymin>93</ymin>
			<xmax>165</xmax>
			<ymax>128</ymax>
		</bndbox>
	</object>
	<object>
		<name>Helmet</name>
		<pose>Unspecified</pose>
		<truncated>0</truncated>
		<difficult>0</difficult>
		<bndbox>
			<xmin>183</xmin>
			<ymin>97</ymin>
			<xmax>201</xmax>
			<ymax>129</ymax>
		</bndbox>
	</object>
	<object>
		<name>Helmet</name>
		<pose>Unspecified</pose>
		<truncated>0</truncated>
		<difficult>0</difficult>
		<bndbox>
			<xmin>270</xmin>
			<ymin>103</ymin>
			<xmax>288</xmax>
			<ymax>130</ymax>
		</bndbox>
	</object>
	<object>
		<name>Helmet</name>
		<pose>Unspecified</pose>
		<truncated>0</truncated>
		<difficult>0</difficult>
		<bndbox>
			<xmin>289</xmin>
			<ymin>90</ymin>
			<xmax>312</xmax>
			<ymax>129</ymax>
		</bndbox>
	</object>
	<object>
		<name>Helmet</name>
		<pose>Unspecified</pose>
		<truncated>0</truncated>
		<difficult>0</difficult>
		<bndbox>
			<xmin>356</xmin>
			<ymin>90</ymin>
			<xmax>387</xmax>
			<ymax>137</ymax>
		</bndbox>
	</object>
</annotation>
