<annotation>
	<folder>valid</folder>
	<filename>BikesHelmets166_png_jpg.rf.e7c5f7fa9d31bf3fc71767fffbf498da.jpg</filename>
	<path>D:\helmet detector\data (1)\valid\BikesHelmets166_png_jpg.rf.e7c5f7fa9d31bf3fc71767fffbf498da.jpg</path>
	<source>
		<database>Unknown</database>
	</source>
	<size>
		<width>416</width>
		<height>416</height>
		<depth>3</depth>
	</size>
	<segmented>0</segmented>
	<object>
		<name>Helmet</name>
		<pose>Unspecified</pose>
		<truncated>0</truncated>
		<difficult>0</difficult>
		<bndbox>
			<xmin>181</xmin>
			<ymin>28</ymin>
			<xmax>274</xmax>
			<ymax>157</ymax>
		</bndbox>
	</object>
</annotation>
