<annotation>
	<folder>train</folder>
	<filename>BikesHelmets154_png_jpg.rf.05c7b7f3971c543823e7331b07368d50.jpg</filename>
	<path>D:\helmet detector\data (1)\train\BikesHelmets154_png_jpg.rf.05c7b7f3971c543823e7331b07368d50.jpg</path>
	<source>
		<database>Unknown</database>
	</source>
	<size>
		<width>416</width>
		<height>416</height>
		<depth>3</depth>
	</size>
	<segmented>0</segmented>
	<object>
		<name>No Helmet</name>
		<pose>Unspecified</pose>
		<truncated>0</truncated>
		<difficult>0</difficult>
		<bndbox>
			<xmin>121</xmin>
			<ymin>42</ymin>
			<xmax>165</xmax>
			<ymax>92</ymax>
		</bndbox>
	</object>
	<object>
		<name>No Helmet</name>
		<pose>Unspecified</pose>
		<truncated>0</truncated>
		<difficult>0</difficult>
		<bndbox>
			<xmin>164</xmin>
			<ymin>45</ymin>
			<xmax>203</xmax>
			<ymax>99</ymax>
		</bndbox>
	</object>
	<object>
		<name>Helmet</name>
		<pose>Unspecified</pose>
		<truncated>0</truncated>
		<difficult>0</difficult>
		<bndbox>
			<xmin>297</xmin>
			<ymin>57</ymin>
			<xmax>329</xmax>
			<ymax>82</ymax>
		</bndbox>
	</object>
</annotation>
