<annotation>
	<folder>train</folder>
	<filename>BikesHelmets136_png_jpg.rf.bd21c0b07236e81e6d5b643ac4e2868e.jpg</filename>
	<path>D:\helmet detector\data (1)\train\BikesHelmets136_png_jpg.rf.bd21c0b07236e81e6d5b643ac4e2868e.jpg</path>
	<source>
		<database>Unknown</database>
	</source>
	<size>
		<width>416</width>
		<height>416</height>
		<depth>3</depth>
	</size>
	<segmented>0</segmented>
	<object>
		<name>Helmet</name>
		<pose>Unspecified</pose>
		<truncated>0</truncated>
		<difficult>0</difficult>
		<bndbox>
			<xmin>199</xmin>
			<ymin>33</ymin>
			<xmax>242</xmax>
			<ymax>127</ymax>
		</bndbox>
	</object>
</annotation>
