<annotation>
	<folder>train</folder>
	<filename>BikesHelmets207_png_jpg.rf.b64a73253c457ace97b98fa6f432229e.jpg</filename>
	<path>D:\helmet detector\data (1)\train\BikesHelmets207_png_jpg.rf.b64a73253c457ace97b98fa6f432229e.jpg</path>
	<source>
		<database>Unknown</database>
	</source>
	<size>
		<width>416</width>
		<height>416</height>
		<depth>3</depth>
	</size>
	<segmented>0</segmented>
	<object>
		<name>Helmet</name>
		<pose>Unspecified</pose>
		<truncated>0</truncated>
		<difficult>0</difficult>
		<bndbox>
			<xmin>240</xmin>
			<ymin>55</ymin>
			<xmax>302</xmax>
			<ymax>123</ymax>
		</bndbox>
	</object>
	<object>
		<name>Helmet</name>
		<pose>Unspecified</pose>
		<truncated>0</truncated>
		<difficult>0</difficult>
		<bndbox>
			<xmin>166</xmin>
			<ymin>51</ymin>
			<xmax>219</xmax>
			<ymax>116</ymax>
		</bndbox>
	</object>
</annotation>
