<annotation>
	<folder>train</folder>
	<filename>BikesHelmets187_png_jpg.rf.a0855f97c66bfc86d206b8b26eeebe9a.jpg</filename>
	<path>D:\helmet detector\data (1)\train\BikesHelmets187_png_jpg.rf.a0855f97c66bfc86d206b8b26eeebe9a.jpg</path>
	<source>
		<database>Unknown</database>
	</source>
	<size>
		<width>416</width>
		<height>416</height>
		<depth>3</depth>
	</size>
	<segmented>0</segmented>
	<object>
		<name>Helmet</name>
		<pose>Unspecified</pose>
		<truncated>0</truncated>
		<difficult>0</difficult>
		<bndbox>
			<xmin>245</xmin>
			<ymin>7</ymin>
			<xmax>300</xmax>
			<ymax>87</ymax>
		</bndbox>
	</object>
</annotation>
