<annotation>
	<folder>train</folder>
	<filename>BikesHelmets256_png_jpg.rf.5d5d79a8d095f91c8f8173ce7fda485b.jpg</filename>
	<path>D:\helmet detector\data (1)\train\BikesHelmets256_png_jpg.rf.5d5d79a8d095f91c8f8173ce7fda485b.jpg</path>
	<source>
		<database>Unknown</database>
	</source>
	<size>
		<width>416</width>
		<height>416</height>
		<depth>3</depth>
	</size>
	<segmented>0</segmented>
	<object>
		<name>No Helmet</name>
		<pose>Unspecified</pose>
		<truncated>0</truncated>
		<difficult>0</difficult>
		<bndbox>
			<xmin>325</xmin>
			<ymin>17</ymin>
			<xmax>368</xmax>
			<ymax>87</ymax>
		</bndbox>
	</object>
	<object>
		<name>No Helmet</name>
		<pose>Unspecified</pose>
		<truncated>0</truncated>
		<difficult>0</difficult>
		<bndbox>
			<xmin>295</xmin>
			<ymin>6</ymin>
			<xmax>342</xmax>
			<ymax>90</ymax>
		</bndbox>
	</object>
	<object>
		<name>No Helmet</name>
		<pose>Unspecified</pose>
		<truncated>1</truncated>
		<difficult>0</difficult>
		<bndbox>
			<xmin>250</xmin>
			<ymin>1</ymin>
			<xmax>315</xmax>
			<ymax>94</ymax>
		</bndbox>
	</object>
</annotation>
