<annotation>
	<folder>train</folder>
	<filename>BikesHelmets172_png_jpg.rf.6816655a413dac4e5403afb4284a18d6.jpg</filename>
	<path>D:\helmet detector\data (1)\train\BikesHelmets172_png_jpg.rf.6816655a413dac4e5403afb4284a18d6.jpg</path>
	<source>
		<database>Unknown</database>
	</source>
	<size>
		<width>416</width>
		<height>416</height>
		<depth>3</depth>
	</size>
	<segmented>0</segmented>
	<object>
		<name>No Helmet</name>
		<pose>Unspecified</pose>
		<truncated>0</truncated>
		<difficult>0</difficult>
		<bndbox>
			<xmin>87</xmin>
			<ymin>13</ymin>
			<xmax>124</xmax>
			<ymax>72</ymax>
		</bndbox>
	</object>
	<object>
		<name>No Helmet</name>
		<pose>Unspecified</pose>
		<truncated>0</truncated>
		<difficult>0</difficult>
		<bndbox>
			<xmin>318</xmin>
			<ymin>5</ymin>
			<xmax>361</xmax>
			<ymax>62</ymax>
		</bndbox>
	</object>
</annotation>
