<annotation>
	<folder>train</folder>
	<filename>BikesHelmets237_png_jpg.rf.b63e47d589f5fb5b0242dab3ce4b1c7d.jpg</filename>
	<path>D:\helmet detector\data (1)\train\BikesHelmets237_png_jpg.rf.b63e47d589f5fb5b0242dab3ce4b1c7d.jpg</path>
	<source>
		<database>Unknown</database>
	</source>
	<size>
		<width>416</width>
		<height>416</height>
		<depth>3</depth>
	</size>
	<segmented>0</segmented>
	<object>
		<name>Helmet</name>
		<pose>Unspecified</pose>
		<truncated>0</truncated>
		<difficult>0</difficult>
		<bndbox>
			<xmin>234</xmin>
			<ymin>19</ymin>
			<xmax>291</xmax>
			<ymax>91</ymax>
		</bndbox>
	</object>
	<object>
		<name>Helmet</name>
		<pose>Unspecified</pose>
		<truncated>0</truncated>
		<difficult>0</difficult>
		<bndbox>
			<xmin>174</xmin>
			<ymin>30</ymin>
			<xmax>231</xmax>
			<ymax>105</ymax>
		</bndbox>
	</object>
</annotation>
