<annotation>
	<folder>train</folder>
	<filename>BikesHelmets109_png_jpg.rf.90133464f32d982645e62b330efac065.jpg</filename>
	<path>D:\helmet detector\data (1)\train\BikesHelmets109_png_jpg.rf.90133464f32d982645e62b330efac065.jpg</path>
	<source>
		<database>Unknown</database>
	</source>
	<size>
		<width>416</width>
		<height>416</height>
		<depth>3</depth>
	</size>
	<segmented>0</segmented>
	<object>
		<name>Helmet</name>
		<pose>Unspecified</pose>
		<truncated>0</truncated>
		<difficult>0</difficult>
		<bndbox>
			<xmin>64</xmin>
			<ymin>95</ymin>
			<xmax>148</xmax>
			<ymax>145</ymax>
		</bndbox>
	</object>
</annotation>
