<annotation>
	<folder>train</folder>
	<filename>BikesHelmets161_png_jpg.rf.a030d7166e23518387f8ef030a82b263.jpg</filename>
	<path>D:\helmet detector\data (1)\train\BikesHelmets161_png_jpg.rf.a030d7166e23518387f8ef030a82b263.jpg</path>
	<source>
		<database>Unknown</database>
	</source>
	<size>
		<width>416</width>
		<height>416</height>
		<depth>3</depth>
	</size>
	<segmented>0</segmented>
	<object>
		<name>Helmet</name>
		<pose>Unspecified</pose>
		<truncated>0</truncated>
		<difficult>0</difficult>
		<bndbox>
			<xmin>133</xmin>
			<ymin>55</ymin>
			<xmax>192</xmax>
			<ymax>141</ymax>
		</bndbox>
	</object>
</annotation>
