<annotation>
	<folder>train</folder>
	<filename>BikesHelmets120_png_jpg.rf.4cce263c72f25d0c73235f0823d4b76b.jpg</filename>
	<path>D:\helmet detector\data (1)\train\BikesHelmets120_png_jpg.rf.4cce263c72f25d0c73235f0823d4b76b.jpg</path>
	<source>
		<database>Unknown</database>
	</source>
	<size>
		<width>416</width>
		<height>416</height>
		<depth>3</depth>
	</size>
	<segmented>0</segmented>
	<object>
		<name>Helmet</name>
		<pose>Unspecified</pose>
		<truncated>1</truncated>
		<difficult>0</difficult>
		<bndbox>
			<xmin>168</xmin>
			<ymin>1</ymin>
			<xmax>221</xmax>
			<ymax>76</ymax>
		</bndbox>
	</object>
</annotation>
