<annotation>
	<folder>train</folder>
	<filename>BikesHelmets272_png_jpg.rf.dc2da10c5f8671c4d8ffcae1274acc65.jpg</filename>
	<path>D:\helmet detector\data (1)\train\BikesHelmets272_png_jpg.rf.dc2da10c5f8671c4d8ffcae1274acc65.jpg</path>
	<source>
		<database>Unknown</database>
	</source>
	<size>
		<width>416</width>
		<height>416</height>
		<depth>3</depth>
	</size>
	<segmented>0</segmented>
	<object>
		<name>Helmet</name>
		<pose>Unspecified</pose>
		<truncated>0</truncated>
		<difficult>0</difficult>
		<bndbox>
			<xmin>158</xmin>
			<ymin>25</ymin>
			<xmax>217</xmax>
			<ymax>97</ymax>
		</bndbox>
	</object>
	<object>
		<name>Helmet</name>
		<pose>Unspecified</pose>
		<truncated>0</truncated>
		<difficult>0</difficult>
		<bndbox>
			<xmin>107</xmin>
			<ymin>17</ymin>
			<xmax>160</xmax>
			<ymax>90</ymax>
		</bndbox>
	</object>
</annotation>
