<annotation>
	<folder>train</folder>
	<filename>BikesHelmets181_png_jpg.rf.ba526cb524271e171649f5d0af375a37.jpg</filename>
	<path>D:\helmet detector\data (1)\train\BikesHelmets181_png_jpg.rf.ba526cb524271e171649f5d0af375a37.jpg</path>
	<source>
		<database>Unknown</database>
	</source>
	<size>
		<width>416</width>
		<height>416</height>
		<depth>3</depth>
	</size>
	<segmented>0</segmented>
	<object>
		<name>Helmet</name>
		<pose>Unspecified</pose>
		<truncated>0</truncated>
		<difficult>0</difficult>
		<bndbox>
			<xmin>181</xmin>
			<ymin>42</ymin>
			<xmax>227</xmax>
			<ymax>115</ymax>
		</bndbox>
	</object>
	<object>
		<name>No Helmet</name>
		<pose>Unspecified</pose>
		<truncated>0</truncated>
		<difficult>0</difficult>
		<bndbox>
			<xmin>266</xmin>
			<ymin>32</ymin>
			<xmax>304</xmax>
			<ymax>92</ymax>
		</bndbox>
	</object>
</annotation>
