<annotation>
	<folder>train</folder>
	<filename>BikesHelmets132_png_jpg.rf.6ba010f2a116174d68b6734680cedfc1.jpg</filename>
	<path>D:\helmet detector\data (1)\train\BikesHelmets132_png_jpg.rf.6ba010f2a116174d68b6734680cedfc1.jpg</path>
	<source>
		<database>Unknown</database>
	</source>
	<size>
		<width>416</width>
		<height>416</height>
		<depth>3</depth>
	</size>
	<segmented>0</segmented>
	<object>
		<name>Helmet</name>
		<pose>Unspecified</pose>
		<truncated>1</truncated>
		<difficult>0</difficult>
		<bndbox>
			<xmin>1</xmin>
			<ymin>203</ymin>
			<xmax>12</xmax>
			<ymax>243</ymax>
		</bndbox>
	</object>
</annotation>
