<annotation>
	<folder>train</folder>
	<filename>BikesHelmets229_png_jpg.rf.e3293503e3b4b0ba1c4e015f9002f6a6.jpg</filename>
	<path>D:\helmet detector\data (1)\train\BikesHelmets229_png_jpg.rf.e3293503e3b4b0ba1c4e015f9002f6a6.jpg</path>
	<source>
		<database>Unknown</database>
	</source>
	<size>
		<width>416</width>
		<height>416</height>
		<depth>3</depth>
	</size>
	<segmented>0</segmented>
	<object>
		<name>Helmet</name>
		<pose>Unspecified</pose>
		<truncated>0</truncated>
		<difficult>0</difficult>
		<bndbox>
			<xmin>141</xmin>
			<ymin>30</ymin>
			<xmax>188</xmax>
			<ymax>112</ymax>
		</bndbox>
	</object>
</annotation>
