<annotation>
	<folder>train</folder>
	<filename>BikesHelmets235_png_jpg.rf.fae092abba64474c0bc129e77ba3fc6f.jpg</filename>
	<path>D:\helmet detector\data (1)\train\BikesHelmets235_png_jpg.rf.fae092abba64474c0bc129e77ba3fc6f.jpg</path>
	<source>
		<database>Unknown</database>
	</source>
	<size>
		<width>416</width>
		<height>416</height>
		<depth>3</depth>
	</size>
	<segmented>0</segmented>
	<object>
		<name>Helmet</name>
		<pose>Unspecified</pose>
		<truncated>0</truncated>
		<difficult>0</difficult>
		<bndbox>
			<xmin>298</xmin>
			<ymin>184</ymin>
			<xmax>317</xmax>
			<ymax>205</ymax>
		</bndbox>
	</object>
	<object>
		<name>Helmet</name>
		<pose>Unspecified</pose>
		<truncated>0</truncated>
		<difficult>0</difficult>
		<bndbox>
			<xmin>132</xmin>
			<ymin>193</ymin>
			<xmax>164</xmax>
			<ymax>222</ymax>
		</bndbox>
	</object>
</annotation>
