<annotation>
	<folder>valid</folder>
	<filename>BikesHelmets205_png_jpg.rf.780768501666f2adcb70e9123effe4df.jpg</filename>
	<path>D:\helmet detector\data (1)\valid\BikesHelmets205_png_jpg.rf.780768501666f2adcb70e9123effe4df.jpg</path>
	<source>
		<database>Unknown</database>
	</source>
	<size>
		<width>416</width>
		<height>416</height>
		<depth>3</depth>
	</size>
	<segmented>0</segmented>
	<object>
		<name>Helmet</name>
		<pose>Unspecified</pose>
		<truncated>0</truncated>
		<difficult>0</difficult>
		<bndbox>
			<xmin>135</xmin>
			<ymin>4</ymin>
			<xmax>185</xmax>
			<ymax>77</ymax>
		</bndbox>
	</object>
</annotation>
