<annotation>
	<folder>train</folder>
	<filename>BikesHelmets244_png_jpg.rf.55a61231536920c128053524bce08596.jpg</filename>
	<path>D:\helmet detector\data (1)\train\BikesHelmets244_png_jpg.rf.55a61231536920c128053524bce08596.jpg</path>
	<source>
		<database>Unknown</database>
	</source>
	<size>
		<width>416</width>
		<height>416</height>
		<depth>3</depth>
	</size>
	<segmented>0</segmented>
	<object>
		<name>Helmet</name>
		<pose>Unspecified</pose>
		<truncated>0</truncated>
		<difficult>0</difficult>
		<bndbox>
			<xmin>236</xmin>
			<ymin>105</ymin>
			<xmax>244</xmax>
			<ymax>124</ymax>
		</bndbox>
	</object>
	<object>
		<name>Helmet</name>
		<pose>Unspecified</pose>
		<truncated>0</truncated>
		<difficult>0</difficult>
		<bndbox>
			<xmin>216</xmin>
			<ymin>114</ymin>
			<xmax>231</xmax>
			<ymax>141</ymax>
		</bndbox>
	</object>
	<object>
		<name>Helmet</name>
		<pose>Unspecified</pose>
		<truncated>0</truncated>
		<difficult>0</difficult>
		<bndbox>
			<xmin>234</xmin>
			<ymin>140</ymin>
			<xmax>247</xmax>
			<ymax>161</ymax>
		</bndbox>
	</object>
	<object>
		<name>Helmet</name>
		<pose>Unspecified</pose>
		<truncated>0</truncated>
		<difficult>0</difficult>
		<bndbox>
			<xmin>276</xmin>
			<ymin>131</ymin>
			<xmax>299</xmax>
			<ymax>170</ymax>
		</bndbox>
	</object>
	<object>
		<name>Helmet</name>
		<pose>Unspecified</pose>
		<truncated>0</truncated>
		<difficult>0</difficult>
		<bndbox>
			<xmin>308</xmin>
			<ymin>146</ymin>
			<xmax>332</xmax>
			<ymax>195</ymax>
		</bndbox>
	</object>
</annotation>
