<annotation>
	<folder>train</folder>
	<filename>BikesHelmets27_png_jpg.rf.f8831664e0db128187b24f1fd9b3a6ff.jpg</filename>
	<path>D:\helmet detector\data (1)\train\BikesHelmets27_png_jpg.rf.f8831664e0db128187b24f1fd9b3a6ff.jpg</path>
	<source>
		<database>Unknown</database>
	</source>
	<size>
		<width>416</width>
		<height>416</height>
		<depth>3</depth>
	</size>
	<segmented>0</segmented>
	<object>
		<name>Helmet</name>
		<pose>Unspecified</pose>
		<truncated>0</truncated>
		<difficult>0</difficult>
		<bndbox>
			<xmin>131</xmin>
			<ymin>11</ymin>
			<xmax>190</xmax>
			<ymax>86</ymax>
		</bndbox>
	</object>
</annotation>
