<annotation>
	<folder>train</folder>
	<filename>BikesHelmets284_png_jpg.rf.1c8982e321e8a31cc9790945247746e9.jpg</filename>
	<path>D:\helmet detector\data (1)\train\BikesHelmets284_png_jpg.rf.1c8982e321e8a31cc9790945247746e9.jpg</path>
	<source>
		<database>Unknown</database>
	</source>
	<size>
		<width>416</width>
		<height>416</height>
		<depth>3</depth>
	</size>
	<segmented>0</segmented>
	<object>
		<name>Helmet</name>
		<pose>Unspecified</pose>
		<truncated>0</truncated>
		<difficult>0</difficult>
		<bndbox>
			<xmin>219</xmin>
			<ymin>42</ymin>
			<xmax>265</xmax>
			<ymax>111</ymax>
		</bndbox>
	</object>
	<object>
		<name>No Helmet</name>
		<pose>Unspecified</pose>
		<truncated>0</truncated>
		<difficult>0</difficult>
		<bndbox>
			<xmin>333</xmin>
			<ymin>38</ymin>
			<xmax>382</xmax>
			<ymax>133</ymax>
		</bndbox>
	</object>
</annotation>
