<annotation>
	<folder>train</folder>
	<filename>BikesHelmets283_png_jpg.rf.2cb0d3bedd70e054db8f1bd621d628ed.jpg</filename>
	<path>D:\helmet detector\data (1)\train\BikesHelmets283_png_jpg.rf.2cb0d3bedd70e054db8f1bd621d628ed.jpg</path>
	<source>
		<database>Unknown</database>
	</source>
	<size>
		<width>416</width>
		<height>416</height>
		<depth>3</depth>
	</size>
	<segmented>0</segmented>
	<object>
		<name>No Helmet</name>
		<pose>Unspecified</pose>
		<truncated>0</truncated>
		<difficult>0</difficult>
		<bndbox>
			<xmin>149</xmin>
			<ymin>180</ymin>
			<xmax>184</xmax>
			<ymax>235</ymax>
		</bndbox>
	</object>
	<object>
		<name>No Helmet</name>
		<pose>Unspecified</pose>
		<truncated>0</truncated>
		<difficult>0</difficult>
		<bndbox>
			<xmin>184</xmin>
			<ymin>166</ymin>
			<xmax>212</xmax>
			<ymax>233</ymax>
		</bndbox>
	</object>
	<object>
		<name>No Helmet</name>
		<pose>Unspecified</pose>
		<truncated>0</truncated>
		<difficult>0</difficult>
		<bndbox>
			<xmin>210</xmin>
			<ymin>163</ymin>
			<xmax>236</xmax>
			<ymax>230</ymax>
		</bndbox>
	</object>
	<object>
		<name>No Helmet</name>
		<pose>Unspecified</pose>
		<truncated>0</truncated>
		<difficult>0</difficult>
		<bndbox>
			<xmin>233</xmin>
			<ymin>147</ymin>
			<xmax>262</xmax>
			<ymax>219</ymax>
		</bndbox>
	</object>
	<object>
		<name>No Helmet</name>
		<pose>Unspecified</pose>
		<truncated>0</truncated>
		<difficult>0</difficult>
		<bndbox>
			<xmin>260</xmin>
			<ymin>137</ymin>
			<xmax>292</xmax>
			<ymax>226</ymax>
		</bndbox>
	</object>
</annotation>
