<annotation>
	<folder>train</folder>
	<filename>BikesHelmets290_png_jpg.rf.f1996bb216d42c7568e3310a91f316c1.jpg</filename>
	<path>D:\helmet detector\data (1)\train\BikesHelmets290_png_jpg.rf.f1996bb216d42c7568e3310a91f316c1.jpg</path>
	<source>
		<database>Unknown</database>
	</source>
	<size>
		<width>416</width>
		<height>416</height>
		<depth>3</depth>
	</size>
	<segmented>0</segmented>
	<object>
		<name>Helmet</name>
		<pose>Unspecified</pose>
		<truncated>0</truncated>
		<difficult>0</difficult>
		<bndbox>
			<xmin>196</xmin>
			<ymin>49</ymin>
			<xmax>245</xmax>
			<ymax>135</ymax>
		</bndbox>
	</object>
</annotation>
