<annotation>
	<folder>train</folder>
	<filename>BikesHelmets137_png_jpg.rf.2f4499ecfc22e9ac1e86fb1d4e8befb0.jpg</filename>
	<path>D:\helmet detector\data (1)\train\BikesHelmets137_png_jpg.rf.2f4499ecfc22e9ac1e86fb1d4e8befb0.jpg</path>
	<source>
		<database>Unknown</database>
	</source>
	<size>
		<width>416</width>
		<height>416</height>
		<depth>3</depth>
	</size>
	<segmented>0</segmented>
	<object>
		<name>Helmet</name>
		<pose>Unspecified</pose>
		<truncated>0</truncated>
		<difficult>0</difficult>
		<bndbox>
			<xmin>71</xmin>
			<ymin>147</ymin>
			<xmax>91</xmax>
			<ymax>172</ymax>
		</bndbox>
	</object>
	<object>
		<name>No Helmet</name>
		<pose>Unspecified</pose>
		<truncated>0</truncated>
		<difficult>0</difficult>
		<bndbox>
			<xmin>25</xmin>
			<ymin>131</ymin>
			<xmax>48</xmax>
			<ymax>165</ymax>
		</bndbox>
	</object>
	<object>
		<name>No Helmet</name>
		<pose>Unspecified</pose>
		<truncated>0</truncated>
		<difficult>0</difficult>
		<bndbox>
			<xmin>175</xmin>
			<ymin>151</ymin>
			<xmax>192</xmax>
			<ymax>173</ymax>
		</bndbox>
	</object>
	<object>
		<name>No Helmet</name>
		<pose>Unspecified</pose>
		<truncated>0</truncated>
		<difficult>0</difficult>
		<bndbox>
			<xmin>281</xmin>
			<ymin>150</ymin>
			<xmax>296</xmax>
			<ymax>171</ymax>
		</bndbox>
	</object>
	<object>
		<name>No Helmet</name>
		<pose>Unspecified</pose>
		<truncated>0</truncated>
		<difficult>0</difficult>
		<bndbox>
			<xmin>316</xmin>
			<ymin>160</ymin>
			<xmax>329</xmax>
			<ymax>181</ymax>
		</bndbox>
	</object>
	<object>
		<name>No Helmet</name>
		<pose>Unspecified</pose>
		<truncated>0</truncated>
		<difficult>0</difficult>
		<bndbox>
			<xmin>342</xmin>
			<ymin>152</ymin>
			<xmax>360</xmax>
			<ymax>175</ymax>
		</bndbox>
	</object>
	<object>
		<name>No Helmet</name>
		<pose>Unspecified</pose>
		<truncated>0</truncated>
		<difficult>0</difficult>
		<bndbox>
			<xmin>137</xmin>
			<ymin>148</ymin>
			<xmax>155</xmax>
			<ymax>172</ymax>
		</bndbox>
	</object>
</annotation>
