<annotation>
	<folder>train</folder>
	<filename>BikesHelmets165_png_jpg.rf.c4f61518e18cf1fb28dc889950481433.jpg</filename>
	<path>D:\helmet detector\data (1)\train\BikesHelmets165_png_jpg.rf.c4f61518e18cf1fb28dc889950481433.jpg</path>
	<source>
		<database>Unknown</database>
	</source>
	<size>
		<width>416</width>
		<height>416</height>
		<depth>3</depth>
	</size>
	<segmented>0</segmented>
	<object>
		<name>Helmet</name>
		<pose>Unspecified</pose>
		<truncated>1</truncated>
		<difficult>0</difficult>
		<bndbox>
			<xmin>157</xmin>
			<ymin>1</ymin>
			<xmax>256</xmax>
			<ymax>150</ymax>
		</bndbox>
	</object>
</annotation>
