<annotation>
	<folder>train</folder>
	<filename>BikesHelmets174_png_jpg.rf.349724502e1c31b616f39eabdf478b14.jpg</filename>
	<path>D:\helmet detector\data (1)\train\BikesHelmets174_png_jpg.rf.349724502e1c31b616f39eabdf478b14.jpg</path>
	<source>
		<database>Unknown</database>
	</source>
	<size>
		<width>416</width>
		<height>416</height>
		<depth>3</depth>
	</size>
	<segmented>0</segmented>
	<object>
		<name>Helmet</name>
		<pose>Unspecified</pose>
		<truncated>0</truncated>
		<difficult>0</difficult>
		<bndbox>
			<xmin>179</xmin>
			<ymin>27</ymin>
			<xmax>207</xmax>
			<ymax>66</ymax>
		</bndbox>
	</object>
	<object>
		<name>Helmet</name>
		<pose>Unspecified</pose>
		<truncated>0</truncated>
		<difficult>0</difficult>
		<bndbox>
			<xmin>261</xmin>
			<ymin>17</ymin>
			<xmax>300</xmax>
			<ymax>70</ymax>
		</bndbox>
	</object>
</annotation>
