<annotation>
	<folder>train</folder>
	<filename>BikesHelmets254_png_jpg.rf.fe721b95aedda1dfd3c4f5706f40e0a9.jpg</filename>
	<path>D:\helmet detector\data (1)\train\BikesHelmets254_png_jpg.rf.fe721b95aedda1dfd3c4f5706f40e0a9.jpg</path>
	<source>
		<database>Unknown</database>
	</source>
	<size>
		<width>416</width>
		<height>416</height>
		<depth>3</depth>
	</size>
	<segmented>0</segmented>
	<object>
		<name>Helmet</name>
		<pose>Unspecified</pose>
		<truncated>0</truncated>
		<difficult>0</difficult>
		<bndbox>
			<xmin>24</xmin>
			<ymin>32</ymin>
			<xmax>135</xmax>
			<ymax>167</ymax>
		</bndbox>
	</object>
	<object>
		<name>Helmet</name>
		<pose>Unspecified</pose>
		<truncated>0</truncated>
		<difficult>0</difficult>
		<bndbox>
			<xmin>254</xmin>
			<ymin>43</ymin>
			<xmax>375</xmax>
			<ymax>195</ymax>
		</bndbox>
	</object>
</annotation>
