<annotation>
	<folder>valid</folder>
	<filename>BikesHelmets104_png_jpg.rf.92493ba303089eda2c78fce531a13fad.jpg</filename>
	<path>D:\helmet detector\data (1)\valid\BikesHelmets104_png_jpg.rf.92493ba303089eda2c78fce531a13fad.jpg</path>
	<source>
		<database>Unknown</database>
	</source>
	<size>
		<width>416</width>
		<height>416</height>
		<depth>3</depth>
	</size>
	<segmented>0</segmented>
	<object>
		<name>Helmet</name>
		<pose>Unspecified</pose>
		<truncated>0</truncated>
		<difficult>0</difficult>
		<bndbox>
			<xmin>99</xmin>
			<ymin>70</ymin>
			<xmax>161</xmax>
			<ymax>159</ymax>
		</bndbox>
	</object>
	<object>
		<name>Helmet</name>
		<pose>Unspecified</pose>
		<truncated>0</truncated>
		<difficult>0</difficult>
		<bndbox>
			<xmin>200</xmin>
			<ymin>85</ymin>
			<xmax>248</xmax>
			<ymax>174</ymax>
		</bndbox>
	</object>
</annotation>
