<annotation>
	<folder>train</folder>
	<filename>BikesHelmets173_png_jpg.rf.1f578dc50786363df79ea649f113083f.jpg</filename>
	<path>D:\helmet detector\data (1)\train\BikesHelmets173_png_jpg.rf.1f578dc50786363df79ea649f113083f.jpg</path>
	<source>
		<database>Unknown</database>
	</source>
	<size>
		<width>416</width>
		<height>416</height>
		<depth>3</depth>
	</size>
	<segmented>0</segmented>
	<object>
		<name>Helmet</name>
		<pose>Unspecified</pose>
		<truncated>0</truncated>
		<difficult>0</difficult>
		<bndbox>
			<xmin>152</xmin>
			<ymin>104</ymin>
			<xmax>195</xmax>
			<ymax>153</ymax>
		</bndbox>
	</object>
	<object>
		<name>Helmet</name>
		<pose>Unspecified</pose>
		<truncated>0</truncated>
		<difficult>0</difficult>
		<bndbox>
			<xmin>222</xmin>
			<ymin>112</ymin>
			<xmax>241</xmax>
			<ymax>139</ymax>
		</bndbox>
	</object>
	<object>
		<name>Helmet</name>
		<pose>Unspecified</pose>
		<truncated>0</truncated>
		<difficult>0</difficult>
		<bndbox>
			<xmin>300</xmin>
			<ymin>73</ymin>
			<xmax>346</xmax>
			<ymax>126</ymax>
		</bndbox>
	</object>
</annotation>
