<annotation>
	<folder>train</folder>
	<filename>BikesHelmets178_png_jpg.rf.1d6a267f0c993e1427970dc77b34b2ac.jpg</filename>
	<path>D:\helmet detector\data (1)\train\BikesHelmets178_png_jpg.rf.1d6a267f0c993e1427970dc77b34b2ac.jpg</path>
	<source>
		<database>Unknown</database>
	</source>
	<size>
		<width>416</width>
		<height>416</height>
		<depth>3</depth>
	</size>
	<segmented>0</segmented>
	<object>
		<name>Helmet</name>
		<pose>Unspecified</pose>
		<truncated>0</truncated>
		<difficult>0</difficult>
		<bndbox>
			<xmin>48</xmin>
			<ymin>54</ymin>
			<xmax>172</xmax>
			<ymax>203</ymax>
		</bndbox>
	</object>
	<object>
		<name>Helmet</name>
		<pose>Unspecified</pose>
		<truncated>0</truncated>
		<difficult>0</difficult>
		<bndbox>
			<xmin>234</xmin>
			<ymin>49</ymin>
			<xmax>356</xmax>
			<ymax>225</ymax>
		</bndbox>
	</object>
</annotation>
