<annotation>
	<folder>train</folder>
	<filename>BikesHelmets169_png_jpg.rf.1c61562c3065aaa2cfdb65e170b21037.jpg</filename>
	<path>D:\helmet detector\data (1)\train\BikesHelmets169_png_jpg.rf.1c61562c3065aaa2cfdb65e170b21037.jpg</path>
	<source>
		<database>Unknown</database>
	</source>
	<size>
		<width>416</width>
		<height>416</height>
		<depth>3</depth>
	</size>
	<segmented>0</segmented>
	<object>
		<name>Helmet</name>
		<pose>Unspecified</pose>
		<truncated>0</truncated>
		<difficult>0</difficult>
		<bndbox>
			<xmin>264</xmin>
			<ymin>24</ymin>
			<xmax>354</xmax>
			<ymax>160</ymax>
		</bndbox>
	</object>
	<object>
		<name>Helmet</name>
		<pose>Unspecified</pose>
		<truncated>0</truncated>
		<difficult>0</difficult>
		<bndbox>
			<xmin>214</xmin>
			<ymin>47</ymin>
			<xmax>276</xmax>
			<ymax>162</ymax>
		</bndbox>
	</object>
</annotation>
