<annotation>
	<folder>train</folder>
	<filename>BikesHelmets16_png_jpg.rf.f9c4bc3253b80035d4b9218f78960b7f.jpg</filename>
	<path>D:\helmet detector\data (1)\train\BikesHelmets16_png_jpg.rf.f9c4bc3253b80035d4b9218f78960b7f.jpg</path>
	<source>
		<database>Unknown</database>
	</source>
	<size>
		<width>416</width>
		<height>416</height>
		<depth>3</depth>
	</size>
	<segmented>0</segmented>
	<object>
		<name>Helmet</name>
		<pose>Unspecified</pose>
		<truncated>0</truncated>
		<difficult>0</difficult>
		<bndbox>
			<xmin>53</xmin>
			<ymin>65</ymin>
			<xmax>90</xmax>
			<ymax>152</ymax>
		</bndbox>
	</object>
	<object>
		<name>Helmet</name>
		<pose>Unspecified</pose>
		<truncated>0</truncated>
		<difficult>0</difficult>
		<bndbox>
			<xmin>155</xmin>
			<ymin>55</ymin>
			<xmax>199</xmax>
			<ymax>145</ymax>
		</bndbox>
	</object>
	<object>
		<name>Helmet</name>
		<pose>Unspecified</pose>
		<truncated>0</truncated>
		<difficult>0</difficult>
		<bndbox>
			<xmin>276</xmin>
			<ymin>3</ymin>
			<xmax>340</xmax>
			<ymax>123</ymax>
		</bndbox>
	</object>
	<object>
		<name>Helmet</name>
		<pose>Unspecified</pose>
		<truncated>0</truncated>
		<difficult>0</difficult>
		<bndbox>
			<xmin>98</xmin>
			<ymin>34</ymin>
			<xmax>129</xmax>
			<ymax>98</ymax>
		</bndbox>
	</object>
	<object>
		<name>Helmet</name>
		<pose>Unspecified</pose>
		<truncated>0</truncated>
		<difficult>0</difficult>
		<bndbox>
			<xmin>2</xmin>
			<ymin>45</ymin>
			<xmax>18</xmax>
			<ymax>114</ymax>
		</bndbox>
	</object>
</annotation>
