<annotation>
	<folder>valid</folder>
	<filename>BikesHelmets117_png_jpg.rf.fdd963fd06f58b8b1a0116aa7c7e7182.jpg</filename>
	<path>D:\helmet detector\data (1)\valid\BikesHelmets117_png_jpg.rf.fdd963fd06f58b8b1a0116aa7c7e7182.jpg</path>
	<source>
		<database>Unknown</database>
	</source>
	<size>
		<width>416</width>
		<height>416</height>
		<depth>3</depth>
	</size>
	<segmented>0</segmented>
	<object>
		<name>Helmet</name>
		<pose>Unspecified</pose>
		<truncated>0</truncated>
		<difficult>0</difficult>
		<bndbox>
			<xmin>151</xmin>
			<ymin>50</ymin>
			<xmax>214</xmax>
			<ymax>119</ymax>
		</bndbox>
	</object>
</annotation>
