<annotation>
	<folder>train</folder>
	<filename>BikesHelmets272_png_jpg.rf.d4a129e0f031352f9ead35b054df4bf7.jpg</filename>
	<path>D:\helmet detector\data (1)\train\BikesHelmets272_png_jpg.rf.d4a129e0f031352f9ead35b054df4bf7.jpg</path>
	<source>
		<database>Unknown</database>
	</source>
	<size>
		<width>416</width>
		<height>416</height>
		<depth>3</depth>
	</size>
	<segmented>0</segmented>
	<object>
		<name>Helmet</name>
		<pose>Unspecified</pose>
		<truncated>0</truncated>
		<difficult>0</difficult>
		<bndbox>
			<xmin>162</xmin>
			<ymin>23</ymin>
			<xmax>218</xmax>
			<ymax>93</ymax>
		</bndbox>
	</object>
	<object>
		<name>Helmet</name>
		<pose>Unspecified</pose>
		<truncated>0</truncated>
		<difficult>0</difficult>
		<bndbox>
			<xmin>108</xmin>
			<ymin>13</ymin>
			<xmax>162</xmax>
			<ymax>87</ymax>
		</bndbox>
	</object>
</annotation>
