<annotation>
	<folder>train</folder>
	<filename>BikesHelmets145_png_jpg.rf.c627c0995eb0200d933265f31d4cb6ff.jpg</filename>
	<path>D:\helmet detector\data (1)\train\BikesHelmets145_png_jpg.rf.c627c0995eb0200d933265f31d4cb6ff.jpg</path>
	<source>
		<database>Unknown</database>
	</source>
	<size>
		<width>416</width>
		<height>416</height>
		<depth>3</depth>
	</size>
	<segmented>0</segmented>
	<object>
		<name>Helmet</name>
		<pose>Unspecified</pose>
		<truncated>0</truncated>
		<difficult>0</difficult>
		<bndbox>
			<xmin>121</xmin>
			<ymin>67</ymin>
			<xmax>142</xmax>
			<ymax>101</ymax>
		</bndbox>
	</object>
	<object>
		<name>Helmet</name>
		<pose>Unspecified</pose>
		<truncated>0</truncated>
		<difficult>0</difficult>
		<bndbox>
			<xmin>150</xmin>
			<ymin>84</ymin>
			<xmax>180</xmax>
			<ymax>154</ymax>
		</bndbox>
	</object>
	<object>
		<name>Helmet</name>
		<pose>Unspecified</pose>
		<truncated>0</truncated>
		<difficult>0</difficult>
		<bndbox>
			<xmin>222</xmin>
			<ymin>60</ymin>
			<xmax>254</xmax>
			<ymax>121</ymax>
		</bndbox>
	</object>
	<object>
		<name>Helmet</name>
		<pose>Unspecified</pose>
		<truncated>0</truncated>
		<difficult>0</difficult>
		<bndbox>
			<xmin>274</xmin>
			<ymin>59</ymin>
			<xmax>295</xmax>
			<ymax>113</ymax>
		</bndbox>
	</object>
</annotation>
