<annotation>
	<folder>train</folder>
	<filename>BikesHelmets232_png_jpg.rf.b03f5504f3d35f29acb0dd5fdb921dd4.jpg</filename>
	<path>D:\helmet detector\data (1)\train\BikesHelmets232_png_jpg.rf.b03f5504f3d35f29acb0dd5fdb921dd4.jpg</path>
	<source>
		<database>Unknown</database>
	</source>
	<size>
		<width>416</width>
		<height>416</height>
		<depth>3</depth>
	</size>
	<segmented>0</segmented>
	<object>
		<name>No Helmet</name>
		<pose>Unspecified</pose>
		<truncated>1</truncated>
		<difficult>0</difficult>
		<bndbox>
			<xmin>168</xmin>
			<ymin>1</ymin>
			<xmax>320</xmax>
			<ymax>130</ymax>
		</bndbox>
	</object>
</annotation>
