<annotation>
	<folder>train</folder>
	<filename>BikesHelmets103_png_jpg.rf.d7ce49fc42850c715681462eac7d33a9.jpg</filename>
	<path>D:\helmet detector\data (1)\train\BikesHelmets103_png_jpg.rf.d7ce49fc42850c715681462eac7d33a9.jpg</path>
	<source>
		<database>Unknown</database>
	</source>
	<size>
		<width>416</width>
		<height>416</height>
		<depth>3</depth>
	</size>
	<segmented>0</segmented>
	<object>
		<name>No Helmet</name>
		<pose>Unspecified</pose>
		<truncated>0</truncated>
		<difficult>0</difficult>
		<bndbox>
			<xmin>216</xmin>
			<ymin>41</ymin>
			<xmax>264</xmax>
			<ymax>94</ymax>
		</bndbox>
	</object>
	<object>
		<name>No Helmet</name>
		<pose>Unspecified</pose>
		<truncated>0</truncated>
		<difficult>0</difficult>
		<bndbox>
			<xmin>258</xmin>
			<ymin>23</ymin>
			<xmax>304</xmax>
			<ymax>78</ymax>
		</bndbox>
	</object>
	<object>
		<name>No Helmet</name>
		<pose>Unspecified</pose>
		<truncated>0</truncated>
		<difficult>0</difficult>
		<bndbox>
			<xmin>313</xmin>
			<ymin>24</ymin>
			<xmax>360</xmax>
			<ymax>81</ymax>
		</bndbox>
	</object>
</annotation>
