<annotation>
	<folder>train</folder>
	<filename>BikesHelmets155_png_jpg.rf.c7dbc6142115a6c3001ba75f39b52579.jpg</filename>
	<path>D:\helmet detector\data (1)\train\BikesHelmets155_png_jpg.rf.c7dbc6142115a6c3001ba75f39b52579.jpg</path>
	<source>
		<database>Unknown</database>
	</source>
	<size>
		<width>416</width>
		<height>416</height>
		<depth>3</depth>
	</size>
	<segmented>0</segmented>
	<object>
		<name>Helmet</name>
		<pose>Unspecified</pose>
		<truncated>0</truncated>
		<difficult>0</difficult>
		<bndbox>
			<xmin>42</xmin>
			<ymin>129</ymin>
			<xmax>122</xmax>
			<ymax>193</ymax>
		</bndbox>
	</object>
	<object>
		<name>Helmet</name>
		<pose>Unspecified</pose>
		<truncated>0</truncated>
		<difficult>0</difficult>
		<bndbox>
			<xmin>151</xmin>
			<ymin>25</ymin>
			<xmax>241</xmax>
			<ymax>117</ymax>
		</bndbox>
	</object>
</annotation>
