<annotation>
	<folder>train</folder>
	<filename>BikesHelmets29_png_jpg.rf.6aea90ce758cb01085d4eafa071b2d87.jpg</filename>
	<path>D:\helmet detector\data (1)\train\BikesHelmets29_png_jpg.rf.6aea90ce758cb01085d4eafa071b2d87.jpg</path>
	<source>
		<database>Unknown</database>
	</source>
	<size>
		<width>416</width>
		<height>416</height>
		<depth>3</depth>
	</size>
	<segmented>0</segmented>
	<object>
		<name>Helmet</name>
		<pose>Unspecified</pose>
		<truncated>0</truncated>
		<difficult>0</difficult>
		<bndbox>
			<xmin>111</xmin>
			<ymin>11</ymin>
			<xmax>165</xmax>
			<ymax>115</ymax>
		</bndbox>
	</object>
	<object>
		<name>Helmet</name>
		<pose>Unspecified</pose>
		<truncated>0</truncated>
		<difficult>0</difficult>
		<bndbox>
			<xmin>348</xmin>
			<ymin>129</ymin>
			<xmax>372</xmax>
			<ymax>177</ymax>
		</bndbox>
	</object>
</annotation>
