<annotation>
	<folder>test</folder>
	<filename>BikesHelmets296_png_jpg.rf.f626488349b600e7a1544a92342a24c0.jpg</filename>
	<path>D:\helmet detector\data (1)\test\BikesHelmets296_png_jpg.rf.f626488349b600e7a1544a92342a24c0.jpg</path>
	<source>
		<database>Unknown</database>
	</source>
	<size>
		<width>416</width>
		<height>416</height>
		<depth>3</depth>
	</size>
	<segmented>0</segmented>
	<object>
		<name>No Helmet</name>
		<pose>Unspecified</pose>
		<truncated>0</truncated>
		<difficult>0</difficult>
		<bndbox>
			<xmin>203</xmin>
			<ymin>27</ymin>
			<xmax>255</xmax>
			<ymax>93</ymax>
		</bndbox>
	</object>
	<object>
		<name>No Helmet</name>
		<pose>Unspecified</pose>
		<truncated>0</truncated>
		<difficult>0</difficult>
		<bndbox>
			<xmin>266</xmin>
			<ymin>21</ymin>
			<xmax>313</xmax>
			<ymax>83</ymax>
		</bndbox>
	</object>
	<object>
		<name>No Helmet</name>
		<pose>Unspecified</pose>
		<truncated>0</truncated>
		<difficult>0</difficult>
		<bndbox>
			<xmin>319</xmin>
			<ymin>14</ymin>
			<xmax>353</xmax>
			<ymax>83</ymax>
		</bndbox>
	</object>
</annotation>
