<annotation>
	<folder>valid</folder>
	<filename>BikesHelmets228_png_jpg.rf.14d82b0c2d71dc3a163a8f18bff14649.jpg</filename>
	<path>D:\helmet detector\data (1)\valid\BikesHelmets228_png_jpg.rf.14d82b0c2d71dc3a163a8f18bff14649.jpg</path>
	<source>
		<database>Unknown</database>
	</source>
	<size>
		<width>416</width>
		<height>416</height>
		<depth>3</depth>
	</size>
	<segmented>0</segmented>
	<object>
		<name>Helmet</name>
		<pose>Unspecified</pose>
		<truncated>0</truncated>
		<difficult>0</difficult>
		<bndbox>
			<xmin>44</xmin>
			<ymin>28</ymin>
			<xmax>93</xmax>
			<ymax>89</ymax>
		</bndbox>
	</object>
	<object>
		<name>Helmet</name>
		<pose>Unspecified</pose>
		<truncated>0</truncated>
		<difficult>0</difficult>
		<bndbox>
			<xmin>93</xmin>
			<ymin>43</ymin>
			<xmax>123</xmax>
			<ymax>87</ymax>
		</bndbox>
	</object>
	<object>
		<name>Helmet</name>
		<pose>Unspecified</pose>
		<truncated>0</truncated>
		<difficult>0</difficult>
		<bndbox>
			<xmin>155</xmin>
			<ymin>26</ymin>
			<xmax>194</xmax>
			<ymax>103</ymax>
		</bndbox>
	</object>
	<object>
		<name>Helmet</name>
		<pose>Unspecified</pose>
		<truncated>0</truncated>
		<difficult>0</difficult>
		<bndbox>
			<xmin>195</xmin>
			<ymin>54</ymin>
			<xmax>219</xmax>
			<ymax>97</ymax>
		</bndbox>
	</object>
	<object>
		<name>Helmet</name>
		<pose>Unspecified</pose>
		<truncated>0</truncated>
		<difficult>0</difficult>
		<bndbox>
			<xmin>236</xmin>
			<ymin>47</ymin>
			<xmax>270</xmax>
			<ymax>99</ymax>
		</bndbox>
	</object>
	<object>
		<name>Helmet</name>
		<pose>Unspecified</pose>
		<truncated>0</truncated>
		<difficult>0</difficult>
		<bndbox>
			<xmin>307</xmin>
			<ymin>52</ymin>
			<xmax>357</xmax>
			<ymax>126</ymax>
		</bndbox>
	</object>
</annotation>
