<annotation>
	<folder>train</folder>
	<filename>BikesHelmets3_png_jpg.rf.0018df94c3d10d6468573973b5607134.jpg</filename>
	<path>D:\helmet detector\data (1)\train\BikesHelmets3_png_jpg.rf.0018df94c3d10d6468573973b5607134.jpg</path>
	<source>
		<database>Unknown</database>
	</source>
	<size>
		<width>416</width>
		<height>416</height>
		<depth>3</depth>
	</size>
	<segmented>0</segmented>
	<object>
		<name>Helmet</name>
		<pose>Unspecified</pose>
		<truncated>0</truncated>
		<difficult>0</difficult>
		<bndbox>
			<xmin>205</xmin>
			<ymin>78</ymin>
			<xmax>233</xmax>
			<ymax>112</ymax>
		</bndbox>
	</object>
	<object>
		<name>Helmet</name>
		<pose>Unspecified</pose>
		<truncated>0</truncated>
		<difficult>0</difficult>
		<bndbox>
			<xmin>296</xmin>
			<ymin>102</ymin>
			<xmax>317</xmax>
			<ymax>140</ymax>
		</bndbox>
	</object>
</annotation>
