<annotation>
	<folder>train</folder>
	<filename>BikesHelmets127_png_jpg.rf.e979795c020ddc9af56f3207beaf923b.jpg</filename>
	<path>D:\helmet detector\data (1)\train\BikesHelmets127_png_jpg.rf.e979795c020ddc9af56f3207beaf923b.jpg</path>
	<source>
		<database>Unknown</database>
	</source>
	<size>
		<width>416</width>
		<height>416</height>
		<depth>3</depth>
	</size>
	<segmented>0</segmented>
	<object>
		<name>Helmet</name>
		<pose>Unspecified</pose>
		<truncated>0</truncated>
		<difficult>0</difficult>
		<bndbox>
			<xmin>87</xmin>
			<ymin>31</ymin>
			<xmax>200</xmax>
			<ymax>113</ymax>
		</bndbox>
	</object>
</annotation>
