<annotation>
	<folder>train</folder>
	<filename>BikesHelmets246_png_jpg.rf.454f0e6ca421181efb6d3cbf8c0c3dfc.jpg</filename>
	<path>D:\helmet detector\data (1)\train\BikesHelmets246_png_jpg.rf.454f0e6ca421181efb6d3cbf8c0c3dfc.jpg</path>
	<source>
		<database>Unknown</database>
	</source>
	<size>
		<width>416</width>
		<height>416</height>
		<depth>3</depth>
	</size>
	<segmented>0</segmented>
	<object>
		<name>Helmet</name>
		<pose>Unspecified</pose>
		<truncated>0</truncated>
		<difficult>0</difficult>
		<bndbox>
			<xmin>196</xmin>
			<ymin>23</ymin>
			<xmax>252</xmax>
			<ymax>81</ymax>
		</bndbox>
	</object>
</annotation>
