<annotation>
	<folder>train</folder>
	<filename>BikesHelmets115_png_jpg.rf.111d48f5fb3f1a3de1b091d6d723190f.jpg</filename>
	<path>D:\helmet detector\data (1)\train\BikesHelmets115_png_jpg.rf.111d48f5fb3f1a3de1b091d6d723190f.jpg</path>
	<source>
		<database>Unknown</database>
	</source>
	<size>
		<width>416</width>
		<height>416</height>
		<depth>3</depth>
	</size>
	<segmented>0</segmented>
	<object>
		<name>Helmet</name>
		<pose>Unspecified</pose>
		<truncated>0</truncated>
		<difficult>0</difficult>
		<bndbox>
			<xmin>78</xmin>
			<ymin>120</ymin>
			<xmax>116</xmax>
			<ymax>167</ymax>
		</bndbox>
	</object>
	<object>
		<name>Helmet</name>
		<pose>Unspecified</pose>
		<truncated>0</truncated>
		<difficult>0</difficult>
		<bndbox>
			<xmin>196</xmin>
			<ymin>139</ymin>
			<xmax>221</xmax>
			<ymax>176</ymax>
		</bndbox>
	</object>
	<object>
		<name>Helmet</name>
		<pose>Unspecified</pose>
		<truncated>0</truncated>
		<difficult>0</difficult>
		<bndbox>
			<xmin>243</xmin>
			<ymin>149</ymin>
			<xmax>259</xmax>
			<ymax>180</ymax>
		</bndbox>
	</object>
	<object>
		<name>Helmet</name>
		<pose>Unspecified</pose>
		<truncated>0</truncated>
		<difficult>0</difficult>
		<bndbox>
			<xmin>289</xmin>
			<ymin>158</ymin>
			<xmax>305</xmax>
			<ymax>177</ymax>
		</bndbox>
	</object>
	<object>
		<name>Helmet</name>
		<pose>Unspecified</pose>
		<truncated>0</truncated>
		<difficult>0</difficult>
		<bndbox>
			<xmin>347</xmin>
			<ymin>155</ymin>
			<xmax>357</xmax>
			<ymax>169</ymax>
		</bndbox>
	</object>
</annotation>
