<annotation>
	<folder>train</folder>
	<filename>BikesHelmets112_png_jpg.rf.33ad6d601a5eabbe316220c0a285f226.jpg</filename>
	<path>D:\helmet detector\data (1)\train\BikesHelmets112_png_jpg.rf.33ad6d601a5eabbe316220c0a285f226.jpg</path>
	<source>
		<database>Unknown</database>
	</source>
	<size>
		<width>416</width>
		<height>416</height>
		<depth>3</depth>
	</size>
	<segmented>0</segmented>
	<object>
		<name>No Helmet</name>
		<pose>Unspecified</pose>
		<truncated>0</truncated>
		<difficult>0</difficult>
		<bndbox>
			<xmin>281</xmin>
			<ymin>3</ymin>
			<xmax>352</xmax>
			<ymax>155</ymax>
		</bndbox>
	</object>
	<object>
		<name>No Helmet</name>
		<pose>Unspecified</pose>
		<truncated>0</truncated>
		<difficult>0</difficult>
		<bndbox>
			<xmin>237</xmin>
			<ymin>31</ymin>
			<xmax>308</xmax>
			<ymax>194</ymax>
		</bndbox>
	</object>
	<object>
		<name>No Helmet</name>
		<pose>Unspecified</pose>
		<truncated>0</truncated>
		<difficult>0</difficult>
		<bndbox>
			<xmin>113</xmin>
			<ymin>41</ymin>
			<xmax>171</xmax>
			<ymax>184</ymax>
		</bndbox>
	</object>
</annotation>
