<annotation>
	<folder>train</folder>
	<filename>BikesHelmets247_png_jpg.rf.caed7a4d8669dc555e7909297a254046.jpg</filename>
	<path>D:\helmet detector\data (1)\train\BikesHelmets247_png_jpg.rf.caed7a4d8669dc555e7909297a254046.jpg</path>
	<source>
		<database>Unknown</database>
	</source>
	<size>
		<width>416</width>
		<height>416</height>
		<depth>3</depth>
	</size>
	<segmented>0</segmented>
	<object>
		<name>Helmet</name>
		<pose>Unspecified</pose>
		<truncated>0</truncated>
		<difficult>0</difficult>
		<bndbox>
			<xmin>115</xmin>
			<ymin>83</ymin>
			<xmax>160</xmax>
			<ymax>158</ymax>
		</bndbox>
	</object>
	<object>
		<name>Helmet</name>
		<pose>Unspecified</pose>
		<truncated>0</truncated>
		<difficult>0</difficult>
		<bndbox>
			<xmin>180</xmin>
			<ymin>98</ymin>
			<xmax>216</xmax>
			<ymax>164</ymax>
		</bndbox>
	</object>
	<object>
		<name>Helmet</name>
		<pose>Unspecified</pose>
		<truncated>0</truncated>
		<difficult>0</difficult>
		<bndbox>
			<xmin>224</xmin>
			<ymin>91</ymin>
			<xmax>274</xmax>
			<ymax>174</ymax>
		</bndbox>
	</object>
	<object>
		<name>Helmet</name>
		<pose>Unspecified</pose>
		<truncated>0</truncated>
		<difficult>0</difficult>
		<bndbox>
			<xmin>301</xmin>
			<ymin>36</ymin>
			<xmax>346</xmax>
			<ymax>107</ymax>
		</bndbox>
	</object>
</annotation>
