<annotation>
	<folder>train</folder>
	<filename>BikesHelmets239_png_jpg.rf.74e70012786385575a45500e7805b221.jpg</filename>
	<path>D:\helmet detector\data (1)\train\BikesHelmets239_png_jpg.rf.74e70012786385575a45500e7805b221.jpg</path>
	<source>
		<database>Unknown</database>
	</source>
	<size>
		<width>416</width>
		<height>416</height>
		<depth>3</depth>
	</size>
	<segmented>0</segmented>
	<object>
		<name>Helmet</name>
		<pose>Unspecified</pose>
		<truncated>0</truncated>
		<difficult>0</difficult>
		<bndbox>
			<xmin>222</xmin>
			<ymin>61</ymin>
			<xmax>272</xmax>
			<ymax>142</ymax>
		</bndbox>
	</object>
	<object>
		<name>Helmet</name>
		<pose>Unspecified</pose>
		<truncated>0</truncated>
		<difficult>0</difficult>
		<bndbox>
			<xmin>147</xmin>
			<ymin>50</ymin>
			<xmax>211</xmax>
			<ymax>132</ymax>
		</bndbox>
	</object>
</annotation>
