<annotation>
	<folder>valid</folder>
	<filename>BikesHelmets200_png_jpg.rf.6d1fdd72d93940b0231c4d71febf4c79.jpg</filename>
	<path>D:\helmet detector\data (1)\valid\BikesHelmets200_png_jpg.rf.6d1fdd72d93940b0231c4d71febf4c79.jpg</path>
	<source>
		<database>Unknown</database>
	</source>
	<size>
		<width>416</width>
		<height>416</height>
		<depth>3</depth>
	</size>
	<segmented>0</segmented>
	<object>
		<name>No Helmet</name>
		<pose>Unspecified</pose>
		<truncated>0</truncated>
		<difficult>0</difficult>
		<bndbox>
			<xmin>134</xmin>
			<ymin>5</ymin>
			<xmax>183</xmax>
			<ymax>89</ymax>
		</bndbox>
	</object>
	<object>
		<name>No Helmet</name>
		<pose>Unspecified</pose>
		<truncated>0</truncated>
		<difficult>0</difficult>
		<bndbox>
			<xmin>173</xmin>
			<ymin>15</ymin>
			<xmax>222</xmax>
			<ymax>98</ymax>
		</bndbox>
	</object>
	<object>
		<name>No Helmet</name>
		<pose>Unspecified</pose>
		<truncated>0</truncated>
		<difficult>0</difficult>
		<bndbox>
			<xmin>230</xmin>
			<ymin>23</ymin>
			<xmax>283</xmax>
			<ymax>112</ymax>
		</bndbox>
	</object>
</annotation>
