<annotation>
	<folder>train</folder>
	<filename>BikesHelmets257_png_jpg.rf.b83c124b6ee408d834ecb6146a8cc22c.jpg</filename>
	<path>D:\helmet detector\data (1)\train\BikesHelmets257_png_jpg.rf.b83c124b6ee408d834ecb6146a8cc22c.jpg</path>
	<source>
		<database>Unknown</database>
	</source>
	<size>
		<width>416</width>
		<height>416</height>
		<depth>3</depth>
	</size>
	<segmented>0</segmented>
	<object>
		<name>Helmet</name>
		<pose>Unspecified</pose>
		<truncated>0</truncated>
		<difficult>0</difficult>
		<bndbox>
			<xmin>162</xmin>
			<ymin>11</ymin>
			<xmax>208</xmax>
			<ymax>88</ymax>
		</bndbox>
	</object>
	<object>
		<name>Helmet</name>
		<pose>Unspecified</pose>
		<truncated>0</truncated>
		<difficult>0</difficult>
		<bndbox>
			<xmin>263</xmin>
			<ymin>59</ymin>
			<xmax>296</xmax>
			<ymax>128</ymax>
		</bndbox>
	</object>
	<object>
		<name>Helmet</name>
		<pose>Unspecified</pose>
		<truncated>0</truncated>
		<difficult>0</difficult>
		<bndbox>
			<xmin>81</xmin>
			<ymin>23</ymin>
			<xmax>119</xmax>
			<ymax>91</ymax>
		</bndbox>
	</object>
</annotation>
