<annotation>
	<folder>train</folder>
	<filename>BikesHelmets286_png_jpg.rf.44e5b1653651a45b888ead0aafd43575.jpg</filename>
	<path>D:\helmet detector\data (1)\train\BikesHelmets286_png_jpg.rf.44e5b1653651a45b888ead0aafd43575.jpg</path>
	<source>
		<database>Unknown</database>
	</source>
	<size>
		<width>416</width>
		<height>416</height>
		<depth>3</depth>
	</size>
	<segmented>0</segmented>
	<object>
		<name>Helmet</name>
		<pose>Unspecified</pose>
		<truncated>0</truncated>
		<difficult>0</difficult>
		<bndbox>
			<xmin>40</xmin>
			<ymin>87</ymin>
			<xmax>106</xmax>
			<ymax>221</ymax>
		</bndbox>
	</object>
	<object>
		<name>Helmet</name>
		<pose>Unspecified</pose>
		<truncated>0</truncated>
		<difficult>0</difficult>
		<bndbox>
			<xmin>163</xmin>
			<ymin>89</ymin>
			<xmax>207</xmax>
			<ymax>193</ymax>
		</bndbox>
	</object>
	<object>
		<name>Helmet</name>
		<pose>Unspecified</pose>
		<truncated>0</truncated>
		<difficult>0</difficult>
		<bndbox>
			<xmin>250</xmin>
			<ymin>83</ymin>
			<xmax>283</xmax>
			<ymax>160</ymax>
		</bndbox>
	</object>
</annotation>
