<annotation>
	<folder>test</folder>
	<filename>BikesHelmets26_png_jpg.rf.efc649e79ba5d5bcf01c880099939cf9.jpg</filename>
	<path>D:\helmet detector\data (1)\test\BikesHelmets26_png_jpg.rf.efc649e79ba5d5bcf01c880099939cf9.jpg</path>
	<source>
		<database>Unknown</database>
	</source>
	<size>
		<width>416</width>
		<height>416</height>
		<depth>3</depth>
	</size>
	<segmented>0</segmented>
	<object>
		<name>Helmet</name>
		<pose>Unspecified</pose>
		<truncated>0</truncated>
		<difficult>0</difficult>
		<bndbox>
			<xmin>149</xmin>
			<ymin>109</ymin>
			<xmax>247</xmax>
			<ymax>254</ymax>
		</bndbox>
	</object>
	<object>
		<name>Helmet</name>
		<pose>Unspecified</pose>
		<truncated>0</truncated>
		<difficult>0</difficult>
		<bndbox>
			<xmin>216</xmin>
			<ymin>180</ymin>
			<xmax>301</xmax>
			<ymax>309</ymax>
		</bndbox>
	</object>
</annotation>
