<annotation>
	<folder>train</folder>
	<filename>BikesHelmets137_png_jpg.rf.a7e1249d3a699f8c27ab70023ce82b5c.jpg</filename>
	<path>D:\helmet detector\data (1)\train\BikesHelmets137_png_jpg.rf.a7e1249d3a699f8c27ab70023ce82b5c.jpg</path>
	<source>
		<database>Unknown</database>
	</source>
	<size>
		<width>416</width>
		<height>416</height>
		<depth>3</depth>
	</size>
	<segmented>0</segmented>
	<object>
		<name>No Helmet</name>
		<pose>Unspecified</pose>
		<truncated>0</truncated>
		<difficult>0</difficult>
		<bndbox>
			<xmin>27</xmin>
			<ymin>132</ymin>
			<xmax>45</xmax>
			<ymax>165</ymax>
		</bndbox>
	</object>
	<object>
		<name>Helmet</name>
		<pose>Unspecified</pose>
		<truncated>0</truncated>
		<difficult>0</difficult>
		<bndbox>
			<xmin>71</xmin>
			<ymin>147</ymin>
			<xmax>93</xmax>
			<ymax>175</ymax>
		</bndbox>
	</object>
	<object>
		<name>No Helmet</name>
		<pose>Unspecified</pose>
		<truncated>0</truncated>
		<difficult>0</difficult>
		<bndbox>
			<xmin>136</xmin>
			<ymin>148</ymin>
			<xmax>155</xmax>
			<ymax>175</ymax>
		</bndbox>
	</object>
	<object>
		<name>No Helmet</name>
		<pose>Unspecified</pose>
		<truncated>0</truncated>
		<difficult>0</difficult>
		<bndbox>
			<xmin>176</xmin>
			<ymin>153</ymin>
			<xmax>189</xmax>
			<ymax>174</ymax>
		</bndbox>
	</object>
	<object>
		<name>No Helmet</name>
		<pose>Unspecified</pose>
		<truncated>0</truncated>
		<difficult>0</difficult>
		<bndbox>
			<xmin>283</xmin>
			<ymin>148</ymin>
			<xmax>296</xmax>
			<ymax>171</ymax>
		</bndbox>
	</object>
	<object>
		<name>No Helmet</name>
		<pose>Unspecified</pose>
		<truncated>0</truncated>
		<difficult>0</difficult>
		<bndbox>
			<xmin>314</xmin>
			<ymin>162</ymin>
			<xmax>330</xmax>
			<ymax>180</ymax>
		</bndbox>
	</object>
	<object>
		<name>No Helmet</name>
		<pose>Unspecified</pose>
		<truncated>0</truncated>
		<difficult>0</difficult>
		<bndbox>
			<xmin>345</xmin>
			<ymin>154</ymin>
			<xmax>361</xmax>
			<ymax>175</ymax>
		</bndbox>
	</object>
</annotation>
