<annotation>
	<folder>train</folder>
	<filename>BikesHelmets109_png_jpg.rf.027be13ae64a3bebc86b83084dc29b63.jpg</filename>
	<path>D:\helmet detector\data (1)\train\BikesHelmets109_png_jpg.rf.027be13ae64a3bebc86b83084dc29b63.jpg</path>
	<source>
		<database>Unknown</database>
	</source>
	<size>
		<width>416</width>
		<height>416</height>
		<depth>3</depth>
	</size>
	<segmented>0</segmented>
	<object>
		<name>Helmet</name>
		<pose>Unspecified</pose>
		<truncated>0</truncated>
		<difficult>0</difficult>
		<bndbox>
			<xmin>67</xmin>
			<ymin>99</ymin>
			<xmax>149</xmax>
			<ymax>146</ymax>
		</bndbox>
	</object>
</annotation>
