<annotation>
	<folder>train</folder>
	<filename>BikesHelmets128_png_jpg.rf.e7f1bafc3e614a7aa8728b476b756296.jpg</filename>
	<path>D:\helmet detector\data (1)\train\BikesHelmets128_png_jpg.rf.e7f1bafc3e614a7aa8728b476b756296.jpg</path>
	<source>
		<database>Unknown</database>
	</source>
	<size>
		<width>416</width>
		<height>416</height>
		<depth>3</depth>
	</size>
	<segmented>0</segmented>
	<object>
		<name>No Helmet</name>
		<pose>Unspecified</pose>
		<truncated>0</truncated>
		<difficult>0</difficult>
		<bndbox>
			<xmin>240</xmin>
			<ymin>23</ymin>
			<xmax>267</xmax>
			<ymax>88</ymax>
		</bndbox>
	</object>
	<object>
		<name>No Helmet</name>
		<pose>Unspecified</pose>
		<truncated>0</truncated>
		<difficult>0</difficult>
		<bndbox>
			<xmin>202</xmin>
			<ymin>11</ymin>
			<xmax>236</xmax>
			<ymax>91</ymax>
		</bndbox>
	</object>
</annotation>
