<annotation>
	<folder>train</folder>
	<filename>BikesHelmets174_png_jpg.rf.42d50a39458eb0436329b6a7bf644223.jpg</filename>
	<path>D:\helmet detector\data (1)\train\BikesHelmets174_png_jpg.rf.42d50a39458eb0436329b6a7bf644223.jpg</path>
	<source>
		<database>Unknown</database>
	</source>
	<size>
		<width>416</width>
		<height>416</height>
		<depth>3</depth>
	</size>
	<segmented>0</segmented>
	<object>
		<name>Helmet</name>
		<pose>Unspecified</pose>
		<truncated>0</truncated>
		<difficult>0</difficult>
		<bndbox>
			<xmin>180</xmin>
			<ymin>25</ymin>
			<xmax>205</xmax>
			<ymax>68</ymax>
		</bndbox>
	</object>
	<object>
		<name>Helmet</name>
		<pose>Unspecified</pose>
		<truncated>0</truncated>
		<difficult>0</difficult>
		<bndbox>
			<xmin>264</xmin>
			<ymin>19</ymin>
			<xmax>298</xmax>
			<ymax>72</ymax>
		</bndbox>
	</object>
</annotation>
