<annotation>
	<folder>train</folder>
	<filename>BikesHelmets222_png_jpg.rf.66df394e090ec3e9ca2ffebdf6e18e32.jpg</filename>
	<path>D:\helmet detector\data (1)\train\BikesHelmets222_png_jpg.rf.66df394e090ec3e9ca2ffebdf6e18e32.jpg</path>
	<source>
		<database>Unknown</database>
	</source>
	<size>
		<width>416</width>
		<height>416</height>
		<depth>3</depth>
	</size>
	<segmented>0</segmented>
	<object>
		<name>No Helmet</name>
		<pose>Unspecified</pose>
		<truncated>0</truncated>
		<difficult>0</difficult>
		<bndbox>
			<xmin>115</xmin>
			<ymin>123</ymin>
			<xmax>137</xmax>
			<ymax>151</ymax>
		</bndbox>
	</object>
	<object>
		<name>No Helmet</name>
		<pose>Unspecified</pose>
		<truncated>0</truncated>
		<difficult>0</difficult>
		<bndbox>
			<xmin>143</xmin>
			<ymin>117</ymin>
			<xmax>162</xmax>
			<ymax>155</ymax>
		</bndbox>
	</object>
	<object>
		<name>No Helmet</name>
		<pose>Unspecified</pose>
		<truncated>0</truncated>
		<difficult>0</difficult>
		<bndbox>
			<xmin>181</xmin>
			<ymin>82</ymin>
			<xmax>198</xmax>
			<ymax>113</ymax>
		</bndbox>
	</object>
</annotation>
