<annotation>
	<folder>valid</folder>
	<filename>BikesHelmets186_png_jpg.rf.0ce3a773c83337ed061aa90bbcce836e.jpg</filename>
	<path>D:\helmet detector\data (1)\valid\BikesHelmets186_png_jpg.rf.0ce3a773c83337ed061aa90bbcce836e.jpg</path>
	<source>
		<database>Unknown</database>
	</source>
	<size>
		<width>416</width>
		<height>416</height>
		<depth>3</depth>
	</size>
	<segmented>0</segmented>
	<object>
		<name>Helmet</name>
		<pose>Unspecified</pose>
		<truncated>0</truncated>
		<difficult>0</difficult>
		<bndbox>
			<xmin>172</xmin>
			<ymin>71</ymin>
			<xmax>234</xmax>
			<ymax>137</ymax>
		</bndbox>
	</object>
</annotation>
