<annotation>
	<folder>train</folder>
	<filename>BikesHelmets292_png_jpg.rf.e3dbbd7660872d7371409aea5cd699a8.jpg</filename>
	<path>D:\helmet detector\data (1)\train\BikesHelmets292_png_jpg.rf.e3dbbd7660872d7371409aea5cd699a8.jpg</path>
	<source>
		<database>Unknown</database>
	</source>
	<size>
		<width>416</width>
		<height>416</height>
		<depth>3</depth>
	</size>
	<segmented>0</segmented>
	<object>
		<name>Helmet</name>
		<pose>Unspecified</pose>
		<truncated>0</truncated>
		<difficult>0</difficult>
		<bndbox>
			<xmin>36</xmin>
			<ymin>19</ymin>
			<xmax>124</xmax>
			<ymax>140</ymax>
		</bndbox>
	</object>
</annotation>
