<annotation>
	<folder>valid</folder>
	<filename>BikesHelmets224_png_jpg.rf.1479a85587cebc7af5f7f61de1669795.jpg</filename>
	<path>D:\helmet detector\data (1)\valid\BikesHelmets224_png_jpg.rf.1479a85587cebc7af5f7f61de1669795.jpg</path>
	<source>
		<database>Unknown</database>
	</source>
	<size>
		<width>416</width>
		<height>416</height>
		<depth>3</depth>
	</size>
	<segmented>0</segmented>
	<object>
		<name>Helmet</name>
		<pose>Unspecified</pose>
		<truncated>0</truncated>
		<difficult>0</difficult>
		<bndbox>
			<xmin>275</xmin>
			<ymin>52</ymin>
			<xmax>330</xmax>
			<ymax>120</ymax>
		</bndbox>
	</object>
</annotation>
