<annotation>
	<folder>train</folder>
	<filename>BikesHelmets172_png_jpg.rf.428af56c69cb0e539bc2e42c79e521ec.jpg</filename>
	<path>D:\helmet detector\data (1)\train\BikesHelmets172_png_jpg.rf.428af56c69cb0e539bc2e42c79e521ec.jpg</path>
	<source>
		<database>Unknown</database>
	</source>
	<size>
		<width>416</width>
		<height>416</height>
		<depth>3</depth>
	</size>
	<segmented>0</segmented>
	<object>
		<name>No Helmet</name>
		<pose>Unspecified</pose>
		<truncated>0</truncated>
		<difficult>0</difficult>
		<bndbox>
			<xmin>83</xmin>
			<ymin>10</ymin>
			<xmax>120</xmax>
			<ymax>74</ymax>
		</bndbox>
	</object>
	<object>
		<name>No Helmet</name>
		<pose>Unspecified</pose>
		<truncated>0</truncated>
		<difficult>0</difficult>
		<bndbox>
			<xmin>316</xmin>
			<ymin>3</ymin>
			<xmax>358</xmax>
			<ymax>61</ymax>
		</bndbox>
	</object>
</annotation>
