<annotation>
	<folder>train</folder>
	<filename>BikesHelmets28_png_jpg.rf.b32c05d12561f3bb97f5a4fe7bea7eb0.jpg</filename>
	<path>D:\helmet detector\data (1)\train\BikesHelmets28_png_jpg.rf.b32c05d12561f3bb97f5a4fe7bea7eb0.jpg</path>
	<source>
		<database>Unknown</database>
	</source>
	<size>
		<width>416</width>
		<height>416</height>
		<depth>3</depth>
	</size>
	<segmented>0</segmented>
	<object>
		<name>No Helmet</name>
		<pose>Unspecified</pose>
		<truncated>0</truncated>
		<difficult>0</difficult>
		<bndbox>
			<xmin>82</xmin>
			<ymin>11</ymin>
			<xmax>108</xmax>
			<ymax>71</ymax>
		</bndbox>
	</object>
	<object>
		<name>Helmet</name>
		<pose>Unspecified</pose>
		<truncated>0</truncated>
		<difficult>0</difficult>
		<bndbox>
			<xmin>105</xmin>
			<ymin>3</ymin>
			<xmax>144</xmax>
			<ymax>78</ymax>
		</bndbox>
	</object>
</annotation>
