<annotation>
	<folder>train</folder>
	<filename>BikesHelmets240_png_jpg.rf.1b1a35a5cfdbce9c067675062456504a.jpg</filename>
	<path>D:\helmet detector\data (1)\train\BikesHelmets240_png_jpg.rf.1b1a35a5cfdbce9c067675062456504a.jpg</path>
	<source>
		<database>Unknown</database>
	</source>
	<size>
		<width>416</width>
		<height>416</height>
		<depth>3</depth>
	</size>
	<segmented>0</segmented>
	<object>
		<name>Helmet</name>
		<pose>Unspecified</pose>
		<truncated>0</truncated>
		<difficult>0</difficult>
		<bndbox>
			<xmin>163</xmin>
			<ymin>30</ymin>
			<xmax>213</xmax>
			<ymax>99</ymax>
		</bndbox>
	</object>
</annotation>
