<annotation>
	<folder>test</folder>
	<filename>BikesHelmets255_png_jpg.rf.10bfe5cfeea280bf51f9501e99a1a892.jpg</filename>
	<path>D:\helmet detector\data (1)\test\BikesHelmets255_png_jpg.rf.10bfe5cfeea280bf51f9501e99a1a892.jpg</path>
	<source>
		<database>Unknown</database>
	</source>
	<size>
		<width>416</width>
		<height>416</height>
		<depth>3</depth>
	</size>
	<segmented>0</segmented>
	<object>
		<name>Helmet</name>
		<pose>Unspecified</pose>
		<truncated>0</truncated>
		<difficult>0</difficult>
		<bndbox>
			<xmin>185</xmin>
			<ymin>52</ymin>
			<xmax>225</xmax>
			<ymax>111</ymax>
		</bndbox>
	</object>
	<object>
		<name>Helmet</name>
		<pose>Unspecified</pose>
		<truncated>0</truncated>
		<difficult>0</difficult>
		<bndbox>
			<xmin>236</xmin>
			<ymin>57</ymin>
			<xmax>282</xmax>
			<ymax>131</ymax>
		</bndbox>
	</object>
</annotation>
