<annotation>
	<folder>train</folder>
	<filename>BikesHelmets156_png_jpg.rf.b319a1271fbbf41f240f21bbbff751bc.jpg</filename>
	<path>D:\helmet detector\data (1)\train\BikesHelmets156_png_jpg.rf.b319a1271fbbf41f240f21bbbff751bc.jpg</path>
	<source>
		<database>Unknown</database>
	</source>
	<size>
		<width>416</width>
		<height>416</height>
		<depth>3</depth>
	</size>
	<segmented>0</segmented>
	<object>
		<name>No Helmet</name>
		<pose>Unspecified</pose>
		<truncated>0</truncated>
		<difficult>0</difficult>
		<bndbox>
			<xmin>174</xmin>
			<ymin>12</ymin>
			<xmax>212</xmax>
			<ymax>95</ymax>
		</bndbox>
	</object>
	<object>
		<name>No Helmet</name>
		<pose>Unspecified</pose>
		<truncated>0</truncated>
		<difficult>0</difficult>
		<bndbox>
			<xmin>193</xmin>
			<ymin>7</ymin>
			<xmax>229</xmax>
			<ymax>73</ymax>
		</bndbox>
	</object>
</annotation>
