<annotation>
	<folder>train</folder>
	<filename>BikesHelmets229_png_jpg.rf.2507b79dcad2fa0abfad821178b4729f.jpg</filename>
	<path>D:\helmet detector\data (1)\train\BikesHelmets229_png_jpg.rf.2507b79dcad2fa0abfad821178b4729f.jpg</path>
	<source>
		<database>Unknown</database>
	</source>
	<size>
		<width>416</width>
		<height>416</height>
		<depth>3</depth>
	</size>
	<segmented>0</segmented>
	<object>
		<name>Helmet</name>
		<pose>Unspecified</pose>
		<truncated>0</truncated>
		<difficult>0</difficult>
		<bndbox>
			<xmin>141</xmin>
			<ymin>35</ymin>
			<xmax>189</xmax>
			<ymax>109</ymax>
		</bndbox>
	</object>
</annotation>
