<annotation>
	<folder>valid</folder>
	<filename>BikesHelmets119_png_jpg.rf.515538c8f9cc8f3dfcae958428a05e83.jpg</filename>
	<path>D:\helmet detector\data (1)\valid\BikesHelmets119_png_jpg.rf.515538c8f9cc8f3dfcae958428a05e83.jpg</path>
	<source>
		<database>Unknown</database>
	</source>
	<size>
		<width>416</width>
		<height>416</height>
		<depth>3</depth>
	</size>
	<segmented>0</segmented>
	<object>
		<name>No Helmet</name>
		<pose>Unspecified</pose>
		<truncated>0</truncated>
		<difficult>0</difficult>
		<bndbox>
			<xmin>133</xmin>
			<ymin>22</ymin>
			<xmax>185</xmax>
			<ymax>121</ymax>
		</bndbox>
	</object>
</annotation>
