<annotation>
	<folder>train</folder>
	<filename>BikesHelmets278_png_jpg.rf.23ec8a49a07de28cfc66b033b8c214d6.jpg</filename>
	<path>D:\helmet detector\data (1)\train\BikesHelmets278_png_jpg.rf.23ec8a49a07de28cfc66b033b8c214d6.jpg</path>
	<source>
		<database>Unknown</database>
	</source>
	<size>
		<width>416</width>
		<height>416</height>
		<depth>3</depth>
	</size>
	<segmented>0</segmented>
	<object>
		<name>Helmet</name>
		<pose>Unspecified</pose>
		<truncated>0</truncated>
		<difficult>0</difficult>
		<bndbox>
			<xmin>174</xmin>
			<ymin>26</ymin>
			<xmax>259</xmax>
			<ymax>120</ymax>
		</bndbox>
	</object>
</annotation>
