<annotation>
	<folder>train</folder>
	<filename>BikesHelmets271_png_jpg.rf.c4f5c2cae9d2956a6d09f4ddc8342a34.jpg</filename>
	<path>D:\helmet detector\data (1)\train\BikesHelmets271_png_jpg.rf.c4f5c2cae9d2956a6d09f4ddc8342a34.jpg</path>
	<source>
		<database>Unknown</database>
	</source>
	<size>
		<width>416</width>
		<height>416</height>
		<depth>3</depth>
	</size>
	<segmented>0</segmented>
	<object>
		<name>Helmet</name>
		<pose>Unspecified</pose>
		<truncated>0</truncated>
		<difficult>0</difficult>
		<bndbox>
			<xmin>7</xmin>
			<ymin>43</ymin>
			<xmax>62</xmax>
			<ymax>116</ymax>
		</bndbox>
	</object>
	<object>
		<name>Helmet</name>
		<pose>Unspecified</pose>
		<truncated>0</truncated>
		<difficult>0</difficult>
		<bndbox>
			<xmin>93</xmin>
			<ymin>61</ymin>
			<xmax>123</xmax>
			<ymax>115</ymax>
		</bndbox>
	</object>
	<object>
		<name>Helmet</name>
		<pose>Unspecified</pose>
		<truncated>0</truncated>
		<difficult>0</difficult>
		<bndbox>
			<xmin>155</xmin>
			<ymin>57</ymin>
			<xmax>188</xmax>
			<ymax>123</ymax>
		</bndbox>
	</object>
	<object>
		<name>Helmet</name>
		<pose>Unspecified</pose>
		<truncated>0</truncated>
		<difficult>0</difficult>
		<bndbox>
			<xmin>230</xmin>
			<ymin>89</ymin>
			<xmax>260</xmax>
			<ymax>126</ymax>
		</bndbox>
	</object>
	<object>
		<name>Helmet</name>
		<pose>Unspecified</pose>
		<truncated>0</truncated>
		<difficult>0</difficult>
		<bndbox>
			<xmin>359</xmin>
			<ymin>41</ymin>
			<xmax>410</xmax>
			<ymax>115</ymax>
		</bndbox>
	</object>
</annotation>
