<annotation>
	<folder>train</folder>
	<filename>BikesHelmets188_png_jpg.rf.065d9893b45e593e95ba9572b57e3fcf.jpg</filename>
	<path>D:\helmet detector\data (1)\train\BikesHelmets188_png_jpg.rf.065d9893b45e593e95ba9572b57e3fcf.jpg</path>
	<source>
		<database>Unknown</database>
	</source>
	<size>
		<width>416</width>
		<height>416</height>
		<depth>3</depth>
	</size>
	<segmented>0</segmented>
	<object>
		<name>Helmet</name>
		<pose>Unspecified</pose>
		<truncated>0</truncated>
		<difficult>0</difficult>
		<bndbox>
			<xmin>214</xmin>
			<ymin>85</ymin>
			<xmax>244</xmax>
			<ymax>153</ymax>
		</bndbox>
	</object>
</annotation>
