<annotation>
	<folder>train</folder>
	<filename>BikesHelmets199_png_jpg.rf.83e3a4adc36efaa0f8a0643a9dcdf8ff.jpg</filename>
	<path>D:\helmet detector\data (1)\train\BikesHelmets199_png_jpg.rf.83e3a4adc36efaa0f8a0643a9dcdf8ff.jpg</path>
	<source>
		<database>Unknown</database>
	</source>
	<size>
		<width>416</width>
		<height>416</height>
		<depth>3</depth>
	</size>
	<segmented>0</segmented>
	<object>
		<name>Helmet</name>
		<pose>Unspecified</pose>
		<truncated>1</truncated>
		<difficult>0</difficult>
		<bndbox>
			<xmin>32</xmin>
			<ymin>1</ymin>
			<xmax>98</xmax>
			<ymax>50</ymax>
		</bndbox>
	</object>
	<object>
		<name>Helmet</name>
		<pose>Unspecified</pose>
		<truncated>1</truncated>
		<difficult>0</difficult>
		<bndbox>
			<xmin>260</xmin>
			<ymin>1</ymin>
			<xmax>321</xmax>
			<ymax>74</ymax>
		</bndbox>
	</object>
</annotation>
