<annotation>
	<folder>train</folder>
	<filename>BikesHelmets226_png_jpg.rf.3ad04b86949f533e729b4c2ef1d9a8a9.jpg</filename>
	<path>D:\helmet detector\data (1)\train\BikesHelmets226_png_jpg.rf.3ad04b86949f533e729b4c2ef1d9a8a9.jpg</path>
	<source>
		<database>Unknown</database>
	</source>
	<size>
		<width>416</width>
		<height>416</height>
		<depth>3</depth>
	</size>
	<segmented>0</segmented>
	<object>
		<name>Helmet</name>
		<pose>Unspecified</pose>
		<truncated>1</truncated>
		<difficult>0</difficult>
		<bndbox>
			<xmin>118</xmin>
			<ymin>1</ymin>
			<xmax>272</xmax>
			<ymax>103</ymax>
		</bndbox>
	</object>
</annotation>
