<annotation>
	<folder>valid</folder>
	<filename>BikesHelmets10_png_jpg.rf.41b8adf0381b2dc549920a6d44d7669c.jpg</filename>
	<path>D:\helmet detector\data (1)\valid\BikesHelmets10_png_jpg.rf.41b8adf0381b2dc549920a6d44d7669c.jpg</path>
	<source>
		<database>Unknown</database>
	</source>
	<size>
		<width>416</width>
		<height>416</height>
		<depth>3</depth>
	</size>
	<segmented>0</segmented>
	<object>
		<name>No Helmet</name>
		<pose>Unspecified</pose>
		<truncated>0</truncated>
		<difficult>0</difficult>
		<bndbox>
			<xmin>191</xmin>
			<ymin>11</ymin>
			<xmax>242</xmax>
			<ymax>72</ymax>
		</bndbox>
	</object>
	<object>
		<name>No Helmet</name>
		<pose>Unspecified</pose>
		<truncated>0</truncated>
		<difficult>0</difficult>
		<bndbox>
			<xmin>168</xmin>
			<ymin>65</ymin>
			<xmax>208</xmax>
			<ymax>120</ymax>
		</bndbox>
	</object>
</annotation>
