<annotation>
	<folder>valid</folder>
	<filename>BikesHelmets221_png_jpg.rf.c96918d5a52b0e0bba7520c0f868dbc2.jpg</filename>
	<path>D:\helmet detector\data (1)\valid\BikesHelmets221_png_jpg.rf.c96918d5a52b0e0bba7520c0f868dbc2.jpg</path>
	<source>
		<database>Unknown</database>
	</source>
	<size>
		<width>416</width>
		<height>416</height>
		<depth>3</depth>
	</size>
	<segmented>0</segmented>
	<object>
		<name>Helmet</name>
		<pose>Unspecified</pose>
		<truncated>1</truncated>
		<difficult>0</difficult>
		<bndbox>
			<xmin>19</xmin>
			<ymin>1</ymin>
			<xmax>54</xmax>
			<ymax>67</ymax>
		</bndbox>
	</object>
	<object>
		<name>Helmet</name>
		<pose>Unspecified</pose>
		<truncated>0</truncated>
		<difficult>0</difficult>
		<bndbox>
			<xmin>124</xmin>
			<ymin>7</ymin>
			<xmax>175</xmax>
			<ymax>100</ymax>
		</bndbox>
	</object>
	<object>
		<name>Helmet</name>
		<pose>Unspecified</pose>
		<truncated>0</truncated>
		<difficult>0</difficult>
		<bndbox>
			<xmin>189</xmin>
			<ymin>33</ymin>
			<xmax>237</xmax>
			<ymax>183</ymax>
		</bndbox>
	</object>
	<object>
		<name>Helmet</name>
		<pose>Unspecified</pose>
		<truncated>1</truncated>
		<difficult>0</difficult>
		<bndbox>
			<xmin>252</xmin>
			<ymin>1</ymin>
			<xmax>288</xmax>
			<ymax>65</ymax>
		</bndbox>
	</object>
	<object>
		<name>Helmet</name>
		<pose>Unspecified</pose>
		<truncated>0</truncated>
		<difficult>0</difficult>
		<bndbox>
			<xmin>267</xmin>
			<ymin>75</ymin>
			<xmax>343</xmax>
			<ymax>282</ymax>
		</bndbox>
	</object>
	<object>
		<name>Helmet</name>
		<pose>Unspecified</pose>
		<truncated>0</truncated>
		<difficult>0</difficult>
		<bndbox>
			<xmin>333</xmin>
			<ymin>64</ymin>
			<xmax>382</xmax>
			<ymax>189</ymax>
		</bndbox>
	</object>
</annotation>
