<annotation>
	<folder>train</folder>
	<filename>BikesHelmets29_png_jpg.rf.e085aebf1e6169532cb82aff3f79bedf.jpg</filename>
	<path>D:\helmet detector\data (1)\train\BikesHelmets29_png_jpg.rf.e085aebf1e6169532cb82aff3f79bedf.jpg</path>
	<source>
		<database>Unknown</database>
	</source>
	<size>
		<width>416</width>
		<height>416</height>
		<depth>3</depth>
	</size>
	<segmented>0</segmented>
	<object>
		<name>Helmet</name>
		<pose>Unspecified</pose>
		<truncated>0</truncated>
		<difficult>0</difficult>
		<bndbox>
			<xmin>111</xmin>
			<ymin>10</ymin>
			<xmax>170</xmax>
			<ymax>107</ymax>
		</bndbox>
	</object>
	<object>
		<name>Helmet</name>
		<pose>Unspecified</pose>
		<truncated>0</truncated>
		<difficult>0</difficult>
		<bndbox>
			<xmin>346</xmin>
			<ymin>124</ymin>
			<xmax>374</xmax>
			<ymax>177</ymax>
		</bndbox>
	</object>
</annotation>
