<annotation>
	<folder>test</folder>
	<filename>BikesHelmets150_png_jpg.rf.347400d070a36faf53bd1ace27a3dd43.jpg</filename>
	<path>D:\helmet detector\data (1)\test\BikesHelmets150_png_jpg.rf.347400d070a36faf53bd1ace27a3dd43.jpg</path>
	<source>
		<database>Unknown</database>
	</source>
	<size>
		<width>416</width>
		<height>416</height>
		<depth>3</depth>
	</size>
	<segmented>0</segmented>
	<object>
		<name>Helmet</name>
		<pose>Unspecified</pose>
		<truncated>0</truncated>
		<difficult>0</difficult>
		<bndbox>
			<xmin>152</xmin>
			<ymin>65</ymin>
			<xmax>184</xmax>
			<ymax>123</ymax>
		</bndbox>
	</object>
	<object>
		<name>Helmet</name>
		<pose>Unspecified</pose>
		<truncated>0</truncated>
		<difficult>0</difficult>
		<bndbox>
			<xmin>129</xmin>
			<ymin>90</ymin>
			<xmax>149</xmax>
			<ymax>132</ymax>
		</bndbox>
	</object>
	<object>
		<name>Helmet</name>
		<pose>Unspecified</pose>
		<truncated>0</truncated>
		<difficult>0</difficult>
		<bndbox>
			<xmin>245</xmin>
			<ymin>103</ymin>
			<xmax>269</xmax>
			<ymax>142</ymax>
		</bndbox>
	</object>
	<object>
		<name>No Helmet</name>
		<pose>Unspecified</pose>
		<truncated>0</truncated>
		<difficult>0</difficult>
		<bndbox>
			<xmin>315</xmin>
			<ymin>87</ymin>
			<xmax>336</xmax>
			<ymax>131</ymax>
		</bndbox>
	</object>
	<object>
		<name>No Helmet</name>
		<pose>Unspecified</pose>
		<truncated>0</truncated>
		<difficult>0</difficult>
		<bndbox>
			<xmin>340</xmin>
			<ymin>94</ymin>
			<xmax>366</xmax>
			<ymax>142</ymax>
		</bndbox>
	</object>
</annotation>
