<annotation>
	<folder>valid</folder>
	<filename>BikesHelmets157_png_jpg.rf.38cd053b2173c593a3e974180c7d6f76.jpg</filename>
	<path>D:\helmet detector\data (1)\valid\BikesHelmets157_png_jpg.rf.38cd053b2173c593a3e974180c7d6f76.jpg</path>
	<source>
		<database>Unknown</database>
	</source>
	<size>
		<width>416</width>
		<height>416</height>
		<depth>3</depth>
	</size>
	<segmented>0</segmented>
	<object>
		<name>Helmet</name>
		<pose>Unspecified</pose>
		<truncated>0</truncated>
		<difficult>0</difficult>
		<bndbox>
			<xmin>229</xmin>
			<ymin>154</ymin>
			<xmax>278</xmax>
			<ymax>253</ymax>
		</bndbox>
	</object>
	<object>
		<name>No Helmet</name>
		<pose>Unspecified</pose>
		<truncated>0</truncated>
		<difficult>0</difficult>
		<bndbox>
			<xmin>79</xmin>
			<ymin>3</ymin>
			<xmax>130</xmax>
			<ymax>76</ymax>
		</bndbox>
	</object>
</annotation>
