<annotation>
	<folder>train</folder>
	<filename>BikesHelmets118_png_jpg.rf.d9e63a7384e5160e407276008cb39761.jpg</filename>
	<path>D:\helmet detector\data (1)\train\BikesHelmets118_png_jpg.rf.d9e63a7384e5160e407276008cb39761.jpg</path>
	<source>
		<database>Unknown</database>
	</source>
	<size>
		<width>416</width>
		<height>416</height>
		<depth>3</depth>
	</size>
	<segmented>0</segmented>
	<object>
		<name>Helmet</name>
		<pose>Unspecified</pose>
		<truncated>0</truncated>
		<difficult>0</difficult>
		<bndbox>
			<xmin>228</xmin>
			<ymin>107</ymin>
			<xmax>265</xmax>
			<ymax>155</ymax>
		</bndbox>
	</object>
</annotation>
