<annotation>
	<folder>train</folder>
	<filename>BikesHelmets253_png_jpg.rf.a32f309bf9cbb54c4cc30df4e5af89ef.jpg</filename>
	<path>D:\helmet detector\data (1)\train\BikesHelmets253_png_jpg.rf.a32f309bf9cbb54c4cc30df4e5af89ef.jpg</path>
	<source>
		<database>Unknown</database>
	</source>
	<size>
		<width>416</width>
		<height>416</height>
		<depth>3</depth>
	</size>
	<segmented>0</segmented>
	<object>
		<name>Helmet</name>
		<pose>Unspecified</pose>
		<truncated>0</truncated>
		<difficult>0</difficult>
		<bndbox>
			<xmin>85</xmin>
			<ymin>81</ymin>
			<xmax>119</xmax>
			<ymax>146</ymax>
		</bndbox>
	</object>
	<object>
		<name>No Helmet</name>
		<pose>Unspecified</pose>
		<truncated>0</truncated>
		<difficult>0</difficult>
		<bndbox>
			<xmin>193</xmin>
			<ymin>85</ymin>
			<xmax>230</xmax>
			<ymax>146</ymax>
		</bndbox>
	</object>
</annotation>
