<annotation>
	<folder>valid</folder>
	<filename>BikesHelmets2_png_jpg.rf.2cca0279ece1d8f364403dde4b4e5a9c.jpg</filename>
	<path>D:\helmet detector\data (1)\valid\BikesHelmets2_png_jpg.rf.2cca0279ece1d8f364403dde4b4e5a9c.jpg</path>
	<source>
		<database>Unknown</database>
	</source>
	<size>
		<width>416</width>
		<height>416</height>
		<depth>3</depth>
	</size>
	<segmented>0</segmented>
	<object>
		<name>Helmet</name>
		<pose>Unspecified</pose>
		<truncated>0</truncated>
		<difficult>0</difficult>
		<bndbox>
			<xmin>108</xmin>
			<ymin>19</ymin>
			<xmax>170</xmax>
			<ymax>135</ymax>
		</bndbox>
	</object>
	<object>
		<name>Helmet</name>
		<pose>Unspecified</pose>
		<truncated>0</truncated>
		<difficult>0</difficult>
		<bndbox>
			<xmin>211</xmin>
			<ymin>35</ymin>
			<xmax>266</xmax>
			<ymax>128</ymax>
		</bndbox>
	</object>
	<object>
		<name>Helmet</name>
		<pose>Unspecified</pose>
		<truncated>0</truncated>
		<difficult>0</difficult>
		<bndbox>
			<xmin>296</xmin>
			<ymin>16</ymin>
			<xmax>347</xmax>
			<ymax>95</ymax>
		</bndbox>
	</object>
</annotation>
