<annotation>
	<folder>train</folder>
	<filename>BikesHelmets177_png_jpg.rf.94cf2389111cc31932359fb375492b12.jpg</filename>
	<path>D:\helmet detector\data (1)\train\BikesHelmets177_png_jpg.rf.94cf2389111cc31932359fb375492b12.jpg</path>
	<source>
		<database>Unknown</database>
	</source>
	<size>
		<width>416</width>
		<height>416</height>
		<depth>3</depth>
	</size>
	<segmented>0</segmented>
	<object>
		<name>Helmet</name>
		<pose>Unspecified</pose>
		<truncated>0</truncated>
		<difficult>0</difficult>
		<bndbox>
			<xmin>191</xmin>
			<ymin>43</ymin>
			<xmax>239</xmax>
			<ymax>129</ymax>
		</bndbox>
	</object>
</annotation>
