<annotation>
	<folder>train</folder>
	<filename>BikesHelmets257_png_jpg.rf.ed988d125b363485911c7817f6d117ad.jpg</filename>
	<path>D:\helmet detector\data (1)\train\BikesHelmets257_png_jpg.rf.ed988d125b363485911c7817f6d117ad.jpg</path>
	<source>
		<database>Unknown</database>
	</source>
	<size>
		<width>416</width>
		<height>416</height>
		<depth>3</depth>
	</size>
	<segmented>0</segmented>
	<object>
		<name>Helmet</name>
		<pose>Unspecified</pose>
		<truncated>0</truncated>
		<difficult>0</difficult>
		<bndbox>
			<xmin>161</xmin>
			<ymin>11</ymin>
			<xmax>206</xmax>
			<ymax>88</ymax>
		</bndbox>
	</object>
	<object>
		<name>Helmet</name>
		<pose>Unspecified</pose>
		<truncated>0</truncated>
		<difficult>0</difficult>
		<bndbox>
			<xmin>259</xmin>
			<ymin>58</ymin>
			<xmax>297</xmax>
			<ymax>138</ymax>
		</bndbox>
	</object>
	<object>
		<name>Helmet</name>
		<pose>Unspecified</pose>
		<truncated>0</truncated>
		<difficult>0</difficult>
		<bndbox>
			<xmin>80</xmin>
			<ymin>25</ymin>
			<xmax>120</xmax>
			<ymax>94</ymax>
		</bndbox>
	</object>
</annotation>
