<annotation>
	<folder>train</folder>
	<filename>BikesHelmets160_png_jpg.rf.ab1ae8502971fd529ebf6b8e3d294b19.jpg</filename>
	<path>D:\helmet detector\data (1)\train\BikesHelmets160_png_jpg.rf.ab1ae8502971fd529ebf6b8e3d294b19.jpg</path>
	<source>
		<database>Unknown</database>
	</source>
	<size>
		<width>416</width>
		<height>416</height>
		<depth>3</depth>
	</size>
	<segmented>0</segmented>
	<object>
		<name>No Helmet</name>
		<pose>Unspecified</pose>
		<truncated>0</truncated>
		<difficult>0</difficult>
		<bndbox>
			<xmin>148</xmin>
			<ymin>171</ymin>
			<xmax>172</xmax>
			<ymax>199</ymax>
		</bndbox>
	</object>
	<object>
		<name>No Helmet</name>
		<pose>Unspecified</pose>
		<truncated>0</truncated>
		<difficult>0</difficult>
		<bndbox>
			<xmin>258</xmin>
			<ymin>152</ymin>
			<xmax>283</xmax>
			<ymax>179</ymax>
		</bndbox>
	</object>
</annotation>
