<annotation>
	<folder>train</folder>
	<filename>BikesHelmets249_png_jpg.rf.06a491bd25f9b2a490bb3ca2ee5bdedd.jpg</filename>
	<path>D:\helmet detector\data (1)\train\BikesHelmets249_png_jpg.rf.06a491bd25f9b2a490bb3ca2ee5bdedd.jpg</path>
	<source>
		<database>Unknown</database>
	</source>
	<size>
		<width>416</width>
		<height>416</height>
		<depth>3</depth>
	</size>
	<segmented>0</segmented>
	<object>
		<name>Helmet</name>
		<pose>Unspecified</pose>
		<truncated>0</truncated>
		<difficult>0</difficult>
		<bndbox>
			<xmin>177</xmin>
			<ymin>30</ymin>
			<xmax>307</xmax>
			<ymax>168</ymax>
		</bndbox>
	</object>
</annotation>
