<annotation>
	<folder>train</folder>
	<filename>BikesHelmets29_png_jpg.rf.d208720a27d1212c8ebbca31051756d0.jpg</filename>
	<path>D:\helmet detector\data (1)\train\BikesHelmets29_png_jpg.rf.d208720a27d1212c8ebbca31051756d0.jpg</path>
	<source>
		<database>Unknown</database>
	</source>
	<size>
		<width>416</width>
		<height>416</height>
		<depth>3</depth>
	</size>
	<segmented>0</segmented>
	<object>
		<name>Helmet</name>
		<pose>Unspecified</pose>
		<truncated>0</truncated>
		<difficult>0</difficult>
		<bndbox>
			<xmin>114</xmin>
			<ymin>12</ymin>
			<xmax>169</xmax>
			<ymax>111</ymax>
		</bndbox>
	</object>
	<object>
		<name>Helmet</name>
		<pose>Unspecified</pose>
		<truncated>0</truncated>
		<difficult>0</difficult>
		<bndbox>
			<xmin>349</xmin>
			<ymin>127</ymin>
			<xmax>373</xmax>
			<ymax>175</ymax>
		</bndbox>
	</object>
</annotation>
