<annotation>
	<folder>train</folder>
	<filename>BikesHelmets147_png_jpg.rf.e720f5777e31005ed40c9ce46a7ae7ef.jpg</filename>
	<path>D:\helmet detector\data (1)\train\BikesHelmets147_png_jpg.rf.e720f5777e31005ed40c9ce46a7ae7ef.jpg</path>
	<source>
		<database>Unknown</database>
	</source>
	<size>
		<width>416</width>
		<height>416</height>
		<depth>3</depth>
	</size>
	<segmented>0</segmented>
	<object>
		<name>Helmet</name>
		<pose>Unspecified</pose>
		<truncated>1</truncated>
		<difficult>0</difficult>
		<bndbox>
			<xmin>214</xmin>
			<ymin>1</ymin>
			<xmax>285</xmax>
			<ymax>53</ymax>
		</bndbox>
	</object>
	<object>
		<name>Helmet</name>
		<pose>Unspecified</pose>
		<truncated>0</truncated>
		<difficult>0</difficult>
		<bndbox>
			<xmin>154</xmin>
			<ymin>85</ymin>
			<xmax>242</xmax>
			<ymax>211</ymax>
		</bndbox>
	</object>
</annotation>
