<annotation>
	<folder>train</folder>
	<filename>BikesHelmets300_png_jpg.rf.ffdde5a896ec22699c387aa72825bfce.jpg</filename>
	<path>D:\helmet detector\data (1)\train\BikesHelmets300_png_jpg.rf.ffdde5a896ec22699c387aa72825bfce.jpg</path>
	<source>
		<database>Unknown</database>
	</source>
	<size>
		<width>416</width>
		<height>416</height>
		<depth>3</depth>
	</size>
	<segmented>0</segmented>
	<object>
		<name>Helmet</name>
		<pose>Unspecified</pose>
		<truncated>0</truncated>
		<difficult>0</difficult>
		<bndbox>
			<xmin>186</xmin>
			<ymin>25</ymin>
			<xmax>244</xmax>
			<ymax>111</ymax>
		</bndbox>
	</object>
	<object>
		<name>Helmet</name>
		<pose>Unspecified</pose>
		<truncated>0</truncated>
		<difficult>0</difficult>
		<bndbox>
			<xmin>94</xmin>
			<ymin>12</ymin>
			<xmax>176</xmax>
			<ymax>111</ymax>
		</bndbox>
	</object>
</annotation>
