<annotation>
	<folder>valid</folder>
	<filename>BikesHelmets280_png_jpg.rf.b192bd9e4fec76d310ea53675442ad2b.jpg</filename>
	<path>D:\helmet detector\data (1)\valid\BikesHelmets280_png_jpg.rf.b192bd9e4fec76d310ea53675442ad2b.jpg</path>
	<source>
		<database>Unknown</database>
	</source>
	<size>
		<width>416</width>
		<height>416</height>
		<depth>3</depth>
	</size>
	<segmented>0</segmented>
	<object>
		<name>Helmet</name>
		<pose>Unspecified</pose>
		<truncated>0</truncated>
		<difficult>0</difficult>
		<bndbox>
			<xmin>136</xmin>
			<ymin>42</ymin>
			<xmax>168</xmax>
			<ymax>88</ymax>
		</bndbox>
	</object>
	<object>
		<name>Helmet</name>
		<pose>Unspecified</pose>
		<truncated>0</truncated>
		<difficult>0</difficult>
		<bndbox>
			<xmin>255</xmin>
			<ymin>56</ymin>
			<xmax>296</xmax>
			<ymax>109</ymax>
		</bndbox>
	</object>
</annotation>
