<annotation>
	<folder>train</folder>
	<filename>BikesHelmets233_png_jpg.rf.ad6d93b490e7335703dcb1cb39375110.jpg</filename>
	<path>D:\helmet detector\data (1)\train\BikesHelmets233_png_jpg.rf.ad6d93b490e7335703dcb1cb39375110.jpg</path>
	<source>
		<database>Unknown</database>
	</source>
	<size>
		<width>416</width>
		<height>416</height>
		<depth>3</depth>
	</size>
	<segmented>0</segmented>
	<object>
		<name>Helmet</name>
		<pose>Unspecified</pose>
		<truncated>0</truncated>
		<difficult>0</difficult>
		<bndbox>
			<xmin>144</xmin>
			<ymin>12</ymin>
			<xmax>191</xmax>
			<ymax>85</ymax>
		</bndbox>
	</object>
	<object>
		<name>Helmet</name>
		<pose>Unspecified</pose>
		<truncated>0</truncated>
		<difficult>0</difficult>
		<bndbox>
			<xmin>84</xmin>
			<ymin>11</ymin>
			<xmax>132</xmax>
			<ymax>100</ymax>
		</bndbox>
	</object>
</annotation>
