<annotation>
	<folder>train</folder>
	<filename>BikesHelmets114_png_jpg.rf.3a718a75dd485390990b2bae827c4d7c.jpg</filename>
	<path>D:\helmet detector\data (1)\train\BikesHelmets114_png_jpg.rf.3a718a75dd485390990b2bae827c4d7c.jpg</path>
	<source>
		<database>Unknown</database>
	</source>
	<size>
		<width>416</width>
		<height>416</height>
		<depth>3</depth>
	</size>
	<segmented>0</segmented>
	<object>
		<name>Helmet</name>
		<pose>Unspecified</pose>
		<truncated>0</truncated>
		<difficult>0</difficult>
		<bndbox>
			<xmin>62</xmin>
			<ymin>78</ymin>
			<xmax>91</xmax>
			<ymax>134</ymax>
		</bndbox>
	</object>
	<object>
		<name>Helmet</name>
		<pose>Unspecified</pose>
		<truncated>0</truncated>
		<difficult>0</difficult>
		<bndbox>
			<xmin>98</xmin>
			<ymin>74</ymin>
			<xmax>121</xmax>
			<ymax>124</ymax>
		</bndbox>
	</object>
	<object>
		<name>Helmet</name>
		<pose>Unspecified</pose>
		<truncated>0</truncated>
		<difficult>0</difficult>
		<bndbox>
			<xmin>143</xmin>
			<ymin>96</ymin>
			<xmax>166</xmax>
			<ymax>129</ymax>
		</bndbox>
	</object>
	<object>
		<name>Helmet</name>
		<pose>Unspecified</pose>
		<truncated>0</truncated>
		<difficult>0</difficult>
		<bndbox>
			<xmin>181</xmin>
			<ymin>97</ymin>
			<xmax>198</xmax>
			<ymax>130</ymax>
		</bndbox>
	</object>
	<object>
		<name>Helmet</name>
		<pose>Unspecified</pose>
		<truncated>0</truncated>
		<difficult>0</difficult>
		<bndbox>
			<xmin>270</xmin>
			<ymin>101</ymin>
			<xmax>288</xmax>
			<ymax>131</ymax>
		</bndbox>
	</object>
	<object>
		<name>Helmet</name>
		<pose>Unspecified</pose>
		<truncated>0</truncated>
		<difficult>0</difficult>
		<bndbox>
			<xmin>291</xmin>
			<ymin>91</ymin>
			<xmax>309</xmax>
			<ymax>128</ymax>
		</bndbox>
	</object>
	<object>
		<name>Helmet</name>
		<pose>Unspecified</pose>
		<truncated>0</truncated>
		<difficult>0</difficult>
		<bndbox>
			<xmin>358</xmin>
			<ymin>87</ymin>
			<xmax>390</xmax>
			<ymax>139</ymax>
		</bndbox>
	</object>
</annotation>
