<annotation>
	<folder>train</folder>
	<filename>BikesHelmets249_png_jpg.rf.f8521e9aeb5bbfa066bb2522d7147d47.jpg</filename>
	<path>D:\helmet detector\data (1)\train\BikesHelmets249_png_jpg.rf.f8521e9aeb5bbfa066bb2522d7147d47.jpg</path>
	<source>
		<database>Unknown</database>
	</source>
	<size>
		<width>416</width>
		<height>416</height>
		<depth>3</depth>
	</size>
	<segmented>0</segmented>
	<object>
		<name>Helmet</name>
		<pose>Unspecified</pose>
		<truncated>0</truncated>
		<difficult>0</difficult>
		<bndbox>
			<xmin>185</xmin>
			<ymin>32</ymin>
			<xmax>310</xmax>
			<ymax>166</ymax>
		</bndbox>
	</object>
</annotation>
