<annotation>
	<folder>train</folder>
	<filename>BikesHelmets183_png_jpg.rf.31c4463c61f3b49b3077fc9d4da13cd6.jpg</filename>
	<path>D:\helmet detector\data (1)\train\BikesHelmets183_png_jpg.rf.31c4463c61f3b49b3077fc9d4da13cd6.jpg</path>
	<source>
		<database>Unknown</database>
	</source>
	<size>
		<width>416</width>
		<height>416</height>
		<depth>3</depth>
	</size>
	<segmented>0</segmented>
	<object>
		<name>Helmet</name>
		<pose>Unspecified</pose>
		<truncated>0</truncated>
		<difficult>0</difficult>
		<bndbox>
			<xmin>158</xmin>
			<ymin>81</ymin>
			<xmax>204</xmax>
			<ymax>147</ymax>
		</bndbox>
	</object>
</annotation>
