<annotation>
	<folder>train</folder>
	<filename>BikesHelmets141_png_jpg.rf.c970fb12c67f7f589c8a728fa52a5f95.jpg</filename>
	<path>D:\helmet detector\data (1)\train\BikesHelmets141_png_jpg.rf.c970fb12c67f7f589c8a728fa52a5f95.jpg</path>
	<source>
		<database>Unknown</database>
	</source>
	<size>
		<width>416</width>
		<height>416</height>
		<depth>3</depth>
	</size>
	<segmented>0</segmented>
	<object>
		<name>Helmet</name>
		<pose>Unspecified</pose>
		<truncated>0</truncated>
		<difficult>0</difficult>
		<bndbox>
			<xmin>3</xmin>
			<ymin>2</ymin>
			<xmax>126</xmax>
			<ymax>341</ymax>
		</bndbox>
	</object>
	<object>
		<name>Helmet</name>
		<pose>Unspecified</pose>
		<truncated>0</truncated>
		<difficult>0</difficult>
		<bndbox>
			<xmin>286</xmin>
			<ymin>121</ymin>
			<xmax>312</xmax>
			<ymax>178</ymax>
		</bndbox>
	</object>
</annotation>
