<annotation>
	<folder>train</folder>
	<filename>BikesHelmets141_png_jpg.rf.4fbdba848e94a790de461f63625377db.jpg</filename>
	<path>D:\helmet detector\data (1)\train\BikesHelmets141_png_jpg.rf.4fbdba848e94a790de461f63625377db.jpg</path>
	<source>
		<database>Unknown</database>
	</source>
	<size>
		<width>416</width>
		<height>416</height>
		<depth>3</depth>
	</size>
	<segmented>0</segmented>
	<object>
		<name>Helmet</name>
		<pose>Unspecified</pose>
		<truncated>1</truncated>
		<difficult>0</difficult>
		<bndbox>
			<xmin>1</xmin>
			<ymin>1</ymin>
			<xmax>124</xmax>
			<ymax>305</ymax>
		</bndbox>
	</object>
	<object>
		<name>Helmet</name>
		<pose>Unspecified</pose>
		<truncated>0</truncated>
		<difficult>0</difficult>
		<bndbox>
			<xmin>283</xmin>
			<ymin>120</ymin>
			<xmax>313</xmax>
			<ymax>177</ymax>
		</bndbox>
	</object>
</annotation>
