<annotation>
	<folder>test</folder>
	<filename>BikesHelmets259_png_jpg.rf.7ef2888f5a6b739290fe42135d9763fc.jpg</filename>
	<path>D:\helmet detector\data (1)\test\BikesHelmets259_png_jpg.rf.7ef2888f5a6b739290fe42135d9763fc.jpg</path>
	<source>
		<database>Unknown</database>
	</source>
	<size>
		<width>416</width>
		<height>416</height>
		<depth>3</depth>
	</size>
	<segmented>0</segmented>
	<object>
		<name>Helmet</name>
		<pose>Unspecified</pose>
		<truncated>0</truncated>
		<difficult>0</difficult>
		<bndbox>
			<xmin>257</xmin>
			<ymin>32</ymin>
			<xmax>338</xmax>
			<ymax>195</ymax>
		</bndbox>
	</object>
	<object>
		<name>Helmet</name>
		<pose>Unspecified</pose>
		<truncated>0</truncated>
		<difficult>0</difficult>
		<bndbox>
			<xmin>216</xmin>
			<ymin>22</ymin>
			<xmax>266</xmax>
			<ymax>135</ymax>
		</bndbox>
	</object>
	<object>
		<name>Helmet</name>
		<pose>Unspecified</pose>
		<truncated>0</truncated>
		<difficult>0</difficult>
		<bndbox>
			<xmin>99</xmin>
			<ymin>19</ymin>
			<xmax>171</xmax>
			<ymax>127</ymax>
		</bndbox>
	</object>
	<object>
		<name>Helmet</name>
		<pose>Unspecified</pose>
		<truncated>0</truncated>
		<difficult>0</difficult>
		<bndbox>
			<xmin>14</xmin>
			<ymin>8</ymin>
			<xmax>84</xmax>
			<ymax>143</ymax>
		</bndbox>
	</object>
</annotation>
