<annotation>
	<folder>valid</folder>
	<filename>BikesHelmets0_png_jpg.rf.6b5704cd71c95602bcb6d97a40fb2ac4.jpg</filename>
	<path>D:\helmet detector\data (1)\valid\BikesHelmets0_png_jpg.rf.6b5704cd71c95602bcb6d97a40fb2ac4.jpg</path>
	<source>
		<database>Unknown</database>
	</source>
	<size>
		<width>416</width>
		<height>416</height>
		<depth>3</depth>
	</size>
	<segmented>0</segmented>
	<object>
		<name>Helmet</name>
		<pose>Unspecified</pose>
		<truncated>0</truncated>
		<difficult>0</difficult>
		<bndbox>
			<xmin>23</xmin>
			<ymin>158</ymin>
			<xmax>90</xmax>
			<ymax>259</ymax>
		</bndbox>
	</object>
	<object>
		<name>Helmet</name>
		<pose>Unspecified</pose>
		<truncated>0</truncated>
		<difficult>0</difficult>
		<bndbox>
			<xmin>131</xmin>
			<ymin>99</ymin>
			<xmax>202</xmax>
			<ymax>244</ymax>
		</bndbox>
	</object>
	<object>
		<name>Helmet</name>
		<pose>Unspecified</pose>
		<truncated>0</truncated>
		<difficult>0</difficult>
		<bndbox>
			<xmin>211</xmin>
			<ymin>65</ymin>
			<xmax>261</xmax>
			<ymax>163</ymax>
		</bndbox>
	</object>
	<object>
		<name>Helmet</name>
		<pose>Unspecified</pose>
		<truncated>0</truncated>
		<difficult>0</difficult>
		<bndbox>
			<xmin>313</xmin>
			<ymin>24</ymin>
			<xmax>391</xmax>
			<ymax>165</ymax>
		</bndbox>
	</object>
</annotation>
