<annotation>
	<folder>train</folder>
	<filename>BikesHelmets185_png_jpg.rf.c2d6d95f72fdc29ef738efd08a3b6db1.jpg</filename>
	<path>D:\helmet detector\data (1)\train\BikesHelmets185_png_jpg.rf.c2d6d95f72fdc29ef738efd08a3b6db1.jpg</path>
	<source>
		<database>Unknown</database>
	</source>
	<size>
		<width>416</width>
		<height>416</height>
		<depth>3</depth>
	</size>
	<segmented>0</segmented>
	<object>
		<name>Helmet</name>
		<pose>Unspecified</pose>
		<truncated>0</truncated>
		<difficult>0</difficult>
		<bndbox>
			<xmin>257</xmin>
			<ymin>153</ymin>
			<xmax>321</xmax>
			<ymax>291</ymax>
		</bndbox>
	</object>
	<object>
		<name>Helmet</name>
		<pose>Unspecified</pose>
		<truncated>0</truncated>
		<difficult>0</difficult>
		<bndbox>
			<xmin>122</xmin>
			<ymin>107</ymin>
			<xmax>262</xmax>
			<ymax>315</ymax>
		</bndbox>
	</object>
</annotation>
