<annotation>
	<folder>train</folder>
	<filename>BikesHelmets168_png_jpg.rf.9b5b30f8337dc1e363e24d801cd51464.jpg</filename>
	<path>D:\helmet detector\data (1)\train\BikesHelmets168_png_jpg.rf.9b5b30f8337dc1e363e24d801cd51464.jpg</path>
	<source>
		<database>Unknown</database>
	</source>
	<size>
		<width>416</width>
		<height>416</height>
		<depth>3</depth>
	</size>
	<segmented>0</segmented>
	<object>
		<name>No Helmet</name>
		<pose>Unspecified</pose>
		<truncated>1</truncated>
		<difficult>0</difficult>
		<bndbox>
			<xmin>119</xmin>
			<ymin>1</ymin>
			<xmax>205</xmax>
			<ymax>122</ymax>
		</bndbox>
	</object>
</annotation>
