<annotation>
	<folder>train</folder>
	<filename>BikesHelmets231_png_jpg.rf.9570666c83d993fa667b872da76df768.jpg</filename>
	<path>D:\helmet detector\data (1)\train\BikesHelmets231_png_jpg.rf.9570666c83d993fa667b872da76df768.jpg</path>
	<source>
		<database>Unknown</database>
	</source>
	<size>
		<width>416</width>
		<height>416</height>
		<depth>3</depth>
	</size>
	<segmented>0</segmented>
	<object>
		<name>No Helmet</name>
		<pose>Unspecified</pose>
		<truncated>0</truncated>
		<difficult>0</difficult>
		<bndbox>
			<xmin>239</xmin>
			<ymin>25</ymin>
			<xmax>282</xmax>
			<ymax>100</ymax>
		</bndbox>
	</object>
	<object>
		<name>Helmet</name>
		<pose>Unspecified</pose>
		<truncated>0</truncated>
		<difficult>0</difficult>
		<bndbox>
			<xmin>151</xmin>
			<ymin>12</ymin>
			<xmax>220</xmax>
			<ymax>110</ymax>
		</bndbox>
	</object>
</annotation>
