<annotation>
	<folder>train</folder>
	<filename>BikesHelmets218_png_jpg.rf.69f9511b1d80b556fa1dbc506a52340d.jpg</filename>
	<path>D:\helmet detector\data (1)\train\BikesHelmets218_png_jpg.rf.69f9511b1d80b556fa1dbc506a52340d.jpg</path>
	<source>
		<database>Unknown</database>
	</source>
	<size>
		<width>416</width>
		<height>416</height>
		<depth>3</depth>
	</size>
	<segmented>0</segmented>
	<object>
		<name>Helmet</name>
		<pose>Unspecified</pose>
		<truncated>0</truncated>
		<difficult>0</difficult>
		<bndbox>
			<xmin>115</xmin>
			<ymin>45</ymin>
			<xmax>196</xmax>
			<ymax>150</ymax>
		</bndbox>
	</object>
</annotation>
