<annotation>
	<folder>train</folder>
	<filename>BikesHelmets202_png_jpg.rf.a177b45a82bf6594516c0322e39256ee.jpg</filename>
	<path>D:\helmet detector\data (1)\train\BikesHelmets202_png_jpg.rf.a177b45a82bf6594516c0322e39256ee.jpg</path>
	<source>
		<database>Unknown</database>
	</source>
	<size>
		<width>416</width>
		<height>416</height>
		<depth>3</depth>
	</size>
	<segmented>0</segmented>
	<object>
		<name>Helmet</name>
		<pose>Unspecified</pose>
		<truncated>0</truncated>
		<difficult>0</difficult>
		<bndbox>
			<xmin>130</xmin>
			<ymin>72</ymin>
			<xmax>166</xmax>
			<ymax>124</ymax>
		</bndbox>
	</object>
	<object>
		<name>Helmet</name>
		<pose>Unspecified</pose>
		<truncated>0</truncated>
		<difficult>0</difficult>
		<bndbox>
			<xmin>299</xmin>
			<ymin>90</ymin>
			<xmax>343</xmax>
			<ymax>148</ymax>
		</bndbox>
	</object>
</annotation>
