<annotation>
	<folder>train</folder>
	<filename>BikesHelmets143_png_jpg.rf.c9e10ee473f7ec9fbd274c0e37acab21.jpg</filename>
	<path>D:\helmet detector\data (1)\train\BikesHelmets143_png_jpg.rf.c9e10ee473f7ec9fbd274c0e37acab21.jpg</path>
	<source>
		<database>Unknown</database>
	</source>
	<size>
		<width>416</width>
		<height>416</height>
		<depth>3</depth>
	</size>
	<segmented>0</segmented>
	<object>
		<name>Helmet</name>
		<pose>Unspecified</pose>
		<truncated>0</truncated>
		<difficult>0</difficult>
		<bndbox>
			<xmin>195</xmin>
			<ymin>39</ymin>
			<xmax>224</xmax>
			<ymax>93</ymax>
		</bndbox>
	</object>
	<object>
		<name>No Helmet</name>
		<pose>Unspecified</pose>
		<truncated>0</truncated>
		<difficult>0</difficult>
		<bndbox>
			<xmin>164</xmin>
			<ymin>28</ymin>
			<xmax>184</xmax>
			<ymax>67</ymax>
		</bndbox>
	</object>
	<object>
		<name>No Helmet</name>
		<pose>Unspecified</pose>
		<truncated>0</truncated>
		<difficult>0</difficult>
		<bndbox>
			<xmin>51</xmin>
			<ymin>30</ymin>
			<xmax>77</xmax>
			<ymax>97</ymax>
		</bndbox>
	</object>
	<object>
		<name>No Helmet</name>
		<pose>Unspecified</pose>
		<truncated>0</truncated>
		<difficult>0</difficult>
		<bndbox>
			<xmin>99</xmin>
			<ymin>36</ymin>
			<xmax>133</xmax>
			<ymax>110</ymax>
		</bndbox>
	</object>
	<object>
		<name>No Helmet</name>
		<pose>Unspecified</pose>
		<truncated>0</truncated>
		<difficult>0</difficult>
		<bndbox>
			<xmin>122</xmin>
			<ymin>8</ymin>
			<xmax>152</xmax>
			<ymax>75</ymax>
		</bndbox>
	</object>
	<object>
		<name>No Helmet</name>
		<pose>Unspecified</pose>
		<truncated>0</truncated>
		<difficult>0</difficult>
		<bndbox>
			<xmin>332</xmin>
			<ymin>35</ymin>
			<xmax>364</xmax>
			<ymax>99</ymax>
		</bndbox>
	</object>
	<object>
		<name>No Helmet</name>
		<pose>Unspecified</pose>
		<truncated>0</truncated>
		<difficult>0</difficult>
		<bndbox>
			<xmin>350</xmin>
			<ymin>77</ymin>
			<xmax>377</xmax>
			<ymax>125</ymax>
		</bndbox>
	</object>
</annotation>
