<annotation>
	<folder>train</folder>
	<filename>BikesHelmets170_png_jpg.rf.2977e3e06547ff4a8321fe534ab27d29.jpg</filename>
	<path>D:\helmet detector\data (1)\train\BikesHelmets170_png_jpg.rf.2977e3e06547ff4a8321fe534ab27d29.jpg</path>
	<source>
		<database>Unknown</database>
	</source>
	<size>
		<width>416</width>
		<height>416</height>
		<depth>3</depth>
	</size>
	<segmented>0</segmented>
	<object>
		<name>No Helmet</name>
		<pose>Unspecified</pose>
		<truncated>0</truncated>
		<difficult>0</difficult>
		<bndbox>
			<xmin>124</xmin>
			<ymin>3</ymin>
			<xmax>179</xmax>
			<ymax>82</ymax>
		</bndbox>
	</object>
</annotation>
