<annotation>
	<folder>train</folder>
	<filename>BikesHelmets218_png_jpg.rf.eb68ff2461a08ea47ba05b1a0ed4022d.jpg</filename>
	<path>D:\helmet detector\data (1)\train\BikesHelmets218_png_jpg.rf.eb68ff2461a08ea47ba05b1a0ed4022d.jpg</path>
	<source>
		<database>Unknown</database>
	</source>
	<size>
		<width>416</width>
		<height>416</height>
		<depth>3</depth>
	</size>
	<segmented>0</segmented>
	<object>
		<name>Helmet</name>
		<pose>Unspecified</pose>
		<truncated>0</truncated>
		<difficult>0</difficult>
		<bndbox>
			<xmin>116</xmin>
			<ymin>49</ymin>
			<xmax>197</xmax>
			<ymax>149</ymax>
		</bndbox>
	</object>
</annotation>
