<annotation>
	<folder>train</folder>
	<filename>BikesHelmets249_png_jpg.rf.d6a1075b59a75b61856c6643d2900b12.jpg</filename>
	<path>D:\helmet detector\data (1)\train\BikesHelmets249_png_jpg.rf.d6a1075b59a75b61856c6643d2900b12.jpg</path>
	<source>
		<database>Unknown</database>
	</source>
	<size>
		<width>416</width>
		<height>416</height>
		<depth>3</depth>
	</size>
	<segmented>0</segmented>
	<object>
		<name>Helmet</name>
		<pose>Unspecified</pose>
		<truncated>0</truncated>
		<difficult>0</difficult>
		<bndbox>
			<xmin>183</xmin>
			<ymin>30</ymin>
			<xmax>304</xmax>
			<ymax>110</ymax>
		</bndbox>
	</object>
</annotation>
