<annotation>
	<folder>train</folder>
	<filename>BikesHelmets12_png_jpg.rf.d23a01eb71ba593baa44e1e21a4db51a.jpg</filename>
	<path>D:\helmet detector\data (1)\train\BikesHelmets12_png_jpg.rf.d23a01eb71ba593baa44e1e21a4db51a.jpg</path>
	<source>
		<database>Unknown</database>
	</source>
	<size>
		<width>416</width>
		<height>416</height>
		<depth>3</depth>
	</size>
	<segmented>0</segmented>
	<object>
		<name>Helmet</name>
		<pose>Unspecified</pose>
		<truncated>0</truncated>
		<difficult>0</difficult>
		<bndbox>
			<xmin>192</xmin>
			<ymin>72</ymin>
			<xmax>222</xmax>
			<ymax>121</ymax>
		</bndbox>
	</object>
	<object>
		<name>No Helmet</name>
		<pose>Unspecified</pose>
		<truncated>0</truncated>
		<difficult>0</difficult>
		<bndbox>
			<xmin>339</xmin>
			<ymin>99</ymin>
			<xmax>345</xmax>
			<ymax>109</ymax>
		</bndbox>
	</object>
</annotation>
