<annotation>
	<folder>train</folder>
	<filename>BikesHelmets262_png_jpg.rf.4d01c24aec41229cbd0ea6995d0b1686.jpg</filename>
	<path>D:\helmet detector\data (1)\train\BikesHelmets262_png_jpg.rf.4d01c24aec41229cbd0ea6995d0b1686.jpg</path>
	<source>
		<database>Unknown</database>
	</source>
	<size>
		<width>416</width>
		<height>416</height>
		<depth>3</depth>
	</size>
	<segmented>0</segmented>
	<object>
		<name>Helmet</name>
		<pose>Unspecified</pose>
		<truncated>0</truncated>
		<difficult>0</difficult>
		<bndbox>
			<xmin>189</xmin>
			<ymin>113</ymin>
			<xmax>233</xmax>
			<ymax>164</ymax>
		</bndbox>
	</object>
	<object>
		<name>No Helmet</name>
		<pose>Unspecified</pose>
		<truncated>0</truncated>
		<difficult>0</difficult>
		<bndbox>
			<xmin>171</xmin>
			<ymin>151</ymin>
			<xmax>192</xmax>
			<ymax>188</ymax>
		</bndbox>
	</object>
	<object>
		<name>No Helmet</name>
		<pose>Unspecified</pose>
		<truncated>0</truncated>
		<difficult>0</difficult>
		<bndbox>
			<xmin>135</xmin>
			<ymin>123</ymin>
			<xmax>167</xmax>
			<ymax>161</ymax>
		</bndbox>
	</object>
</annotation>
