<annotation>
	<folder>train</folder>
	<filename>BikesHelmets178_png_jpg.rf.e97d99595e455a359ca2b71c20fd4b43.jpg</filename>
	<path>D:\helmet detector\data (1)\train\BikesHelmets178_png_jpg.rf.e97d99595e455a359ca2b71c20fd4b43.jpg</path>
	<source>
		<database>Unknown</database>
	</source>
	<size>
		<width>416</width>
		<height>416</height>
		<depth>3</depth>
	</size>
	<segmented>0</segmented>
	<object>
		<name>Helmet</name>
		<pose>Unspecified</pose>
		<truncated>0</truncated>
		<difficult>0</difficult>
		<bndbox>
			<xmin>54</xmin>
			<ymin>52</ymin>
			<xmax>173</xmax>
			<ymax>202</ymax>
		</bndbox>
	</object>
	<object>
		<name>Helmet</name>
		<pose>Unspecified</pose>
		<truncated>0</truncated>
		<difficult>0</difficult>
		<bndbox>
			<xmin>226</xmin>
			<ymin>52</ymin>
			<xmax>361</xmax>
			<ymax>225</ymax>
		</bndbox>
	</object>
</annotation>
