<annotation>
	<folder>train</folder>
	<filename>BikesHelmets286_png_jpg.rf.0ab387d557405ff1040552395c5fb703.jpg</filename>
	<path>D:\helmet detector\data (1)\train\BikesHelmets286_png_jpg.rf.0ab387d557405ff1040552395c5fb703.jpg</path>
	<source>
		<database>Unknown</database>
	</source>
	<size>
		<width>416</width>
		<height>416</height>
		<depth>3</depth>
	</size>
	<segmented>0</segmented>
	<object>
		<name>Helmet</name>
		<pose>Unspecified</pose>
		<truncated>0</truncated>
		<difficult>0</difficult>
		<bndbox>
			<xmin>20</xmin>
			<ymin>90</ymin>
			<xmax>102</xmax>
			<ymax>262</ymax>
		</bndbox>
	</object>
	<object>
		<name>Helmet</name>
		<pose>Unspecified</pose>
		<truncated>0</truncated>
		<difficult>0</difficult>
		<bndbox>
			<xmin>158</xmin>
			<ymin>88</ymin>
			<xmax>209</xmax>
			<ymax>197</ymax>
		</bndbox>
	</object>
	<object>
		<name>Helmet</name>
		<pose>Unspecified</pose>
		<truncated>0</truncated>
		<difficult>0</difficult>
		<bndbox>
			<xmin>254</xmin>
			<ymin>80</ymin>
			<xmax>278</xmax>
			<ymax>163</ymax>
		</bndbox>
	</object>
</annotation>
