<annotation>
	<folder>train</folder>
	<filename>BikesHelmets192_png_jpg.rf.63607b721b9b36da0ad7c66dd16f0c9f.jpg</filename>
	<path>D:\helmet detector\data (1)\train\BikesHelmets192_png_jpg.rf.63607b721b9b36da0ad7c66dd16f0c9f.jpg</path>
	<source>
		<database>Unknown</database>
	</source>
	<size>
		<width>416</width>
		<height>416</height>
		<depth>3</depth>
	</size>
	<segmented>0</segmented>
	<object>
		<name>No Helmet</name>
		<pose>Unspecified</pose>
		<truncated>0</truncated>
		<difficult>0</difficult>
		<bndbox>
			<xmin>161</xmin>
			<ymin>82</ymin>
			<xmax>203</xmax>
			<ymax>176</ymax>
		</bndbox>
	</object>
</annotation>
