<annotation>
	<folder>train</folder>
	<filename>BikesHelmets237_png_jpg.rf.e35461c96d8996b3ef2a958d703e52a4.jpg</filename>
	<path>D:\helmet detector\data (1)\train\BikesHelmets237_png_jpg.rf.e35461c96d8996b3ef2a958d703e52a4.jpg</path>
	<source>
		<database>Unknown</database>
	</source>
	<size>
		<width>416</width>
		<height>416</height>
		<depth>3</depth>
	</size>
	<segmented>0</segmented>
	<object>
		<name>Helmet</name>
		<pose>Unspecified</pose>
		<truncated>0</truncated>
		<difficult>0</difficult>
		<bndbox>
			<xmin>231</xmin>
			<ymin>18</ymin>
			<xmax>293</xmax>
			<ymax>91</ymax>
		</bndbox>
	</object>
	<object>
		<name>Helmet</name>
		<pose>Unspecified</pose>
		<truncated>0</truncated>
		<difficult>0</difficult>
		<bndbox>
			<xmin>176</xmin>
			<ymin>25</ymin>
			<xmax>227</xmax>
			<ymax>107</ymax>
		</bndbox>
	</object>
</annotation>
