<annotation>
	<folder>train</folder>
	<filename>BikesHelmets289_png_jpg.rf.7f44a5e32b15b736c2c202bbb88444b3.jpg</filename>
	<path>D:\helmet detector\data (1)\train\BikesHelmets289_png_jpg.rf.7f44a5e32b15b736c2c202bbb88444b3.jpg</path>
	<source>
		<database>Unknown</database>
	</source>
	<size>
		<width>416</width>
		<height>416</height>
		<depth>3</depth>
	</size>
	<segmented>0</segmented>
	<object>
		<name>No Helmet</name>
		<pose>Unspecified</pose>
		<truncated>0</truncated>
		<difficult>0</difficult>
		<bndbox>
			<xmin>164</xmin>
			<ymin>36</ymin>
			<xmax>232</xmax>
			<ymax>114</ymax>
		</bndbox>
	</object>
</annotation>
