<annotation>
	<folder>valid</folder>
	<filename>BikesHelmets180_png_jpg.rf.5b0006fac2ac5df04703477261ab4bd4.jpg</filename>
	<path>D:\helmet detector\data (1)\valid\BikesHelmets180_png_jpg.rf.5b0006fac2ac5df04703477261ab4bd4.jpg</path>
	<source>
		<database>Unknown</database>
	</source>
	<size>
		<width>416</width>
		<height>416</height>
		<depth>3</depth>
	</size>
	<segmented>0</segmented>
	<object>
		<name>No Helmet</name>
		<pose>Unspecified</pose>
		<truncated>0</truncated>
		<difficult>0</difficult>
		<bndbox>
			<xmin>34</xmin>
			<ymin>118</ymin>
			<xmax>66</xmax>
			<ymax>161</ymax>
		</bndbox>
	</object>
	<object>
		<name>No Helmet</name>
		<pose>Unspecified</pose>
		<truncated>0</truncated>
		<difficult>0</difficult>
		<bndbox>
			<xmin>133</xmin>
			<ymin>63</ymin>
			<xmax>161</xmax>
			<ymax>109</ymax>
		</bndbox>
	</object>
	<object>
		<name>No Helmet</name>
		<pose>Unspecified</pose>
		<truncated>0</truncated>
		<difficult>0</difficult>
		<bndbox>
			<xmin>157</xmin>
			<ymin>50</ymin>
			<xmax>194</xmax>
			<ymax>116</ymax>
		</bndbox>
	</object>
	<object>
		<name>No Helmet</name>
		<pose>Unspecified</pose>
		<truncated>0</truncated>
		<difficult>0</difficult>
		<bndbox>
			<xmin>284</xmin>
			<ymin>41</ymin>
			<xmax>310</xmax>
			<ymax>100</ymax>
		</bndbox>
	</object>
	<object>
		<name>No Helmet</name>
		<pose>Unspecified</pose>
		<truncated>0</truncated>
		<difficult>0</difficult>
		<bndbox>
			<xmin>308</xmin>
			<ymin>43</ymin>
			<xmax>345</xmax>
			<ymax>109</ymax>
		</bndbox>
	</object>
</annotation>
