<annotation>
	<folder>valid</folder>
	<filename>BikesHelmets191_png_jpg.rf.63b3a39aa2ebd7ebbfd8e9f8caa232cb.jpg</filename>
	<path>D:\helmet detector\data (1)\valid\BikesHelmets191_png_jpg.rf.63b3a39aa2ebd7ebbfd8e9f8caa232cb.jpg</path>
	<source>
		<database>Unknown</database>
	</source>
	<size>
		<width>416</width>
		<height>416</height>
		<depth>3</depth>
	</size>
	<segmented>0</segmented>
	<object>
		<name>Helmet</name>
		<pose>Unspecified</pose>
		<truncated>0</truncated>
		<difficult>0</difficult>
		<bndbox>
			<xmin>198</xmin>
			<ymin>19</ymin>
			<xmax>275</xmax>
			<ymax>129</ymax>
		</bndbox>
	</object>
</annotation>
