<annotation>
	<folder>train</folder>
	<filename>BikesHelmets177_png_jpg.rf.a1d3282ab530fee416a6adb1abb4b72e.jpg</filename>
	<path>D:\helmet detector\data (1)\train\BikesHelmets177_png_jpg.rf.a1d3282ab530fee416a6adb1abb4b72e.jpg</path>
	<source>
		<database>Unknown</database>
	</source>
	<size>
		<width>416</width>
		<height>416</height>
		<depth>3</depth>
	</size>
	<segmented>0</segmented>
	<object>
		<name>Helmet</name>
		<pose>Unspecified</pose>
		<truncated>0</truncated>
		<difficult>0</difficult>
		<bndbox>
			<xmin>186</xmin>
			<ymin>41</ymin>
			<xmax>236</xmax>
			<ymax>128</ymax>
		</bndbox>
	</object>
</annotation>
