<annotation>
	<folder>train</folder>
	<filename>BikesHelmets188_png_jpg.rf.d37386a953c6e45800093eac4e7317a7.jpg</filename>
	<path>D:\helmet detector\data (1)\train\BikesHelmets188_png_jpg.rf.d37386a953c6e45800093eac4e7317a7.jpg</path>
	<source>
		<database>Unknown</database>
	</source>
	<size>
		<width>416</width>
		<height>416</height>
		<depth>3</depth>
	</size>
	<segmented>0</segmented>
	<object>
		<name>Helmet</name>
		<pose>Unspecified</pose>
		<truncated>0</truncated>
		<difficult>0</difficult>
		<bndbox>
			<xmin>211</xmin>
			<ymin>83</ymin>
			<xmax>247</xmax>
			<ymax>151</ymax>
		</bndbox>
	</object>
</annotation>
