<annotation>
	<folder>train</folder>
	<filename>BikesHelmets289_png_jpg.rf.0d01908a6724bbdc008866bbb1daca50.jpg</filename>
	<path>D:\helmet detector\data (1)\train\BikesHelmets289_png_jpg.rf.0d01908a6724bbdc008866bbb1daca50.jpg</path>
	<source>
		<database>Unknown</database>
	</source>
	<size>
		<width>416</width>
		<height>416</height>
		<depth>3</depth>
	</size>
	<segmented>0</segmented>
	<object>
		<name>No Helmet</name>
		<pose>Unspecified</pose>
		<truncated>0</truncated>
		<difficult>0</difficult>
		<bndbox>
			<xmin>164</xmin>
			<ymin>30</ymin>
			<xmax>235</xmax>
			<ymax>117</ymax>
		</bndbox>
	</object>
</annotation>
