<annotation>
	<folder>train</folder>
	<filename>BikesHelmets147_png_jpg.rf.1d05894eaa5a0762f17731873ed8040c.jpg</filename>
	<path>D:\helmet detector\data (1)\train\BikesHelmets147_png_jpg.rf.1d05894eaa5a0762f17731873ed8040c.jpg</path>
	<source>
		<database>Unknown</database>
	</source>
	<size>
		<width>416</width>
		<height>416</height>
		<depth>3</depth>
	</size>
	<segmented>0</segmented>
	<object>
		<name>Helmet</name>
		<pose>Unspecified</pose>
		<truncated>1</truncated>
		<difficult>0</difficult>
		<bndbox>
			<xmin>218</xmin>
			<ymin>1</ymin>
			<xmax>280</xmax>
			<ymax>53</ymax>
		</bndbox>
	</object>
	<object>
		<name>Helmet</name>
		<pose>Unspecified</pose>
		<truncated>0</truncated>
		<difficult>0</difficult>
		<bndbox>
			<xmin>153</xmin>
			<ymin>87</ymin>
			<xmax>246</xmax>
			<ymax>217</ymax>
		</bndbox>
	</object>
</annotation>
