<annotation>
	<folder>train</folder>
	<filename>BikesHelmets1_png_jpg.rf.769b1153d12fb4919a063db958331e32.jpg</filename>
	<path>D:\helmet detector\data (1)\train\BikesHelmets1_png_jpg.rf.769b1153d12fb4919a063db958331e32.jpg</path>
	<source>
		<database>Unknown</database>
	</source>
	<size>
		<width>416</width>
		<height>416</height>
		<depth>3</depth>
	</size>
	<segmented>0</segmented>
	<object>
		<name>Helmet</name>
		<pose>Unspecified</pose>
		<truncated>0</truncated>
		<difficult>0</difficult>
		<bndbox>
			<xmin>153</xmin>
			<ymin>2</ymin>
			<xmax>266</xmax>
			<ymax>111</ymax>
		</bndbox>
	</object>
</annotation>
