<annotation>
	<folder>train</folder>
	<filename>BikesHelmets199_png_jpg.rf.952e7702d152667cb8d7aa1c34c27192.jpg</filename>
	<path>D:\helmet detector\data (1)\train\BikesHelmets199_png_jpg.rf.952e7702d152667cb8d7aa1c34c27192.jpg</path>
	<source>
		<database>Unknown</database>
	</source>
	<size>
		<width>416</width>
		<height>416</height>
		<depth>3</depth>
	</size>
	<segmented>0</segmented>
	<object>
		<name>Helmet</name>
		<pose>Unspecified</pose>
		<truncated>1</truncated>
		<difficult>0</difficult>
		<bndbox>
			<xmin>33</xmin>
			<ymin>1</ymin>
			<xmax>98</xmax>
			<ymax>48</ymax>
		</bndbox>
	</object>
	<object>
		<name>Helmet</name>
		<pose>Unspecified</pose>
		<truncated>1</truncated>
		<difficult>0</difficult>
		<bndbox>
			<xmin>260</xmin>
			<ymin>1</ymin>
			<xmax>325</xmax>
			<ymax>73</ymax>
		</bndbox>
	</object>
</annotation>
