<annotation>
	<folder>train</folder>
	<filename>BikesHelmets226_png_jpg.rf.7d51749e058942e988ba48305316c586.jpg</filename>
	<path>D:\helmet detector\data (1)\train\BikesHelmets226_png_jpg.rf.7d51749e058942e988ba48305316c586.jpg</path>
	<source>
		<database>Unknown</database>
	</source>
	<size>
		<width>416</width>
		<height>416</height>
		<depth>3</depth>
	</size>
	<segmented>0</segmented>
	<object>
		<name>Helmet</name>
		<pose>Unspecified</pose>
		<truncated>1</truncated>
		<difficult>0</difficult>
		<bndbox>
			<xmin>115</xmin>
			<ymin>1</ymin>
			<xmax>267</xmax>
			<ymax>96</ymax>
		</bndbox>
	</object>
</annotation>
