<annotation>
	<folder>train</folder>
	<filename>BikesHelmets133_png_jpg.rf.f2eb8cb7cfeb4183124d1070bbfafc14.jpg</filename>
	<path>D:\helmet detector\data (1)\train\BikesHelmets133_png_jpg.rf.f2eb8cb7cfeb4183124d1070bbfafc14.jpg</path>
	<source>
		<database>Unknown</database>
	</source>
	<size>
		<width>416</width>
		<height>416</height>
		<depth>3</depth>
	</size>
	<segmented>0</segmented>
	<object>
		<name>No Helmet</name>
		<pose>Unspecified</pose>
		<truncated>0</truncated>
		<difficult>0</difficult>
		<bndbox>
			<xmin>155</xmin>
			<ymin>133</ymin>
			<xmax>183</xmax>
			<ymax>182</ymax>
		</bndbox>
	</object>
</annotation>
