<annotation>
	<folder>train</folder>
	<filename>BikesHelmets101_png_jpg.rf.dc3f7c0d5ab964e7b2a8cc5a7335d842.jpg</filename>
	<path>D:\helmet detector\data (1)\train\BikesHelmets101_png_jpg.rf.dc3f7c0d5ab964e7b2a8cc5a7335d842.jpg</path>
	<source>
		<database>Unknown</database>
	</source>
	<size>
		<width>416</width>
		<height>416</height>
		<depth>3</depth>
	</size>
	<segmented>0</segmented>
	<object>
		<name>Helmet</name>
		<pose>Unspecified</pose>
		<truncated>0</truncated>
		<difficult>0</difficult>
		<bndbox>
			<xmin>240</xmin>
			<ymin>7</ymin>
			<xmax>276</xmax>
			<ymax>71</ymax>
		</bndbox>
	</object>
</annotation>
