<annotation>
	<folder>train</folder>
	<filename>BikesHelmets243_png_jpg.rf.d4831558ed07f5309f3f22cad10fae18.jpg</filename>
	<path>D:\helmet detector\data (1)\train\BikesHelmets243_png_jpg.rf.d4831558ed07f5309f3f22cad10fae18.jpg</path>
	<source>
		<database>Unknown</database>
	</source>
	<size>
		<width>416</width>
		<height>416</height>
		<depth>3</depth>
	</size>
	<segmented>0</segmented>
	<object>
		<name>Helmet</name>
		<pose>Unspecified</pose>
		<truncated>1</truncated>
		<difficult>0</difficult>
		<bndbox>
			<xmin>181</xmin>
			<ymin>1</ymin>
			<xmax>378</xmax>
			<ymax>231</ymax>
		</bndbox>
	</object>
</annotation>
