<annotation>
	<folder>valid</folder>
	<filename>BikesHelmets148_png_jpg.rf.399c9c066b524c84e524ea6887c2e8ed.jpg</filename>
	<path>D:\helmet detector\data (1)\valid\BikesHelmets148_png_jpg.rf.399c9c066b524c84e524ea6887c2e8ed.jpg</path>
	<source>
		<database>Unknown</database>
	</source>
	<size>
		<width>416</width>
		<height>416</height>
		<depth>3</depth>
	</size>
	<segmented>0</segmented>
	<object>
		<name>Helmet</name>
		<pose>Unspecified</pose>
		<truncated>0</truncated>
		<difficult>0</difficult>
		<bndbox>
			<xmin>158</xmin>
			<ymin>7</ymin>
			<xmax>232</xmax>
			<ymax>94</ymax>
		</bndbox>
	</object>
	<object>
		<name>Helmet</name>
		<pose>Unspecified</pose>
		<truncated>0</truncated>
		<difficult>0</difficult>
		<bndbox>
			<xmin>312</xmin>
			<ymin>83</ymin>
			<xmax>368</xmax>
			<ymax>146</ymax>
		</bndbox>
	</object>
</annotation>
