<annotation>
	<folder>train</folder>
	<filename>BikesHelmets106_png_jpg.rf.061b86428ece8e522a7d1989a74b9254.jpg</filename>
	<path>D:\helmet detector\data (1)\train\BikesHelmets106_png_jpg.rf.061b86428ece8e522a7d1989a74b9254.jpg</path>
	<source>
		<database>Unknown</database>
	</source>
	<size>
		<width>416</width>
		<height>416</height>
		<depth>3</depth>
	</size>
	<segmented>0</segmented>
	<object>
		<name>Helmet</name>
		<pose>Unspecified</pose>
		<truncated>0</truncated>
		<difficult>0</difficult>
		<bndbox>
			<xmin>244</xmin>
			<ymin>243</ymin>
			<xmax>268</xmax>
			<ymax>277</ymax>
		</bndbox>
	</object>
	<object>
		<name>Helmet</name>
		<pose>Unspecified</pose>
		<truncated>0</truncated>
		<difficult>0</difficult>
		<bndbox>
			<xmin>120</xmin>
			<ymin>58</ymin>
			<xmax>190</xmax>
			<ymax>171</ymax>
		</bndbox>
	</object>
	<object>
		<name>Helmet</name>
		<pose>Unspecified</pose>
		<truncated>0</truncated>
		<difficult>0</difficult>
		<bndbox>
			<xmin>312</xmin>
			<ymin>168</ymin>
			<xmax>353</xmax>
			<ymax>230</ymax>
		</bndbox>
	</object>
</annotation>
