<annotation>
	<folder>train</folder>
	<filename>BikesHelmets22_png_jpg.rf.811cbff26b64c160efcf6a197ca95d33.jpg</filename>
	<path>D:\helmet detector\data (1)\train\BikesHelmets22_png_jpg.rf.811cbff26b64c160efcf6a197ca95d33.jpg</path>
	<source>
		<database>Unknown</database>
	</source>
	<size>
		<width>416</width>
		<height>416</height>
		<depth>3</depth>
	</size>
	<segmented>0</segmented>
	<object>
		<name>Helmet</name>
		<pose>Unspecified</pose>
		<truncated>0</truncated>
		<difficult>0</difficult>
		<bndbox>
			<xmin>134</xmin>
			<ymin>5</ymin>
			<xmax>193</xmax>
			<ymax>71</ymax>
		</bndbox>
	</object>
	<object>
		<name>Helmet</name>
		<pose>Unspecified</pose>
		<truncated>0</truncated>
		<difficult>0</difficult>
		<bndbox>
			<xmin>200</xmin>
			<ymin>13</ymin>
			<xmax>248</xmax>
			<ymax>95</ymax>
		</bndbox>
	</object>
</annotation>
