<annotation>
	<folder>train</folder>
	<filename>BikesHelmets13_png_jpg.rf.752875139748448ac590f275615d60bb.jpg</filename>
	<path>D:\helmet detector\data (1)\train\BikesHelmets13_png_jpg.rf.752875139748448ac590f275615d60bb.jpg</path>
	<source>
		<database>Unknown</database>
	</source>
	<size>
		<width>416</width>
		<height>416</height>
		<depth>3</depth>
	</size>
	<segmented>0</segmented>
	<object>
		<name>Helmet</name>
		<pose>Unspecified</pose>
		<truncated>0</truncated>
		<difficult>0</difficult>
		<bndbox>
			<xmin>188</xmin>
			<ymin>20</ymin>
			<xmax>250</xmax>
			<ymax>108</ymax>
		</bndbox>
	</object>
</annotation>
