<annotation>
	<folder>train</folder>
	<filename>BikesHelmets129_png_jpg.rf.2c04cb7bad2d80dfc793b87db246efd5.jpg</filename>
	<path>D:\helmet detector\data (1)\train\BikesHelmets129_png_jpg.rf.2c04cb7bad2d80dfc793b87db246efd5.jpg</path>
	<source>
		<database>Unknown</database>
	</source>
	<size>
		<width>416</width>
		<height>416</height>
		<depth>3</depth>
	</size>
	<segmented>0</segmented>
	<object>
		<name>Helmet</name>
		<pose>Unspecified</pose>
		<truncated>0</truncated>
		<difficult>0</difficult>
		<bndbox>
			<xmin>165</xmin>
			<ymin>56</ymin>
			<xmax>192</xmax>
			<ymax>104</ymax>
		</bndbox>
	</object>
</annotation>
