<annotation>
	<folder>train</folder>
	<filename>BikesHelmets114_png_jpg.rf.4728df7b5e081d5262c1d02afcb6f50a.jpg</filename>
	<path>D:\helmet detector\data (1)\train\BikesHelmets114_png_jpg.rf.4728df7b5e081d5262c1d02afcb6f50a.jpg</path>
	<source>
		<database>Unknown</database>
	</source>
	<size>
		<width>416</width>
		<height>416</height>
		<depth>3</depth>
	</size>
	<segmented>0</segmented>
	<object>
		<name>Helmet</name>
		<pose>Unspecified</pose>
		<truncated>0</truncated>
		<difficult>0</difficult>
		<bndbox>
			<xmin>63</xmin>
			<ymin>83</ymin>
			<xmax>93</xmax>
			<ymax>133</ymax>
		</bndbox>
	</object>
	<object>
		<name>Helmet</name>
		<pose>Unspecified</pose>
		<truncated>0</truncated>
		<difficult>0</difficult>
		<bndbox>
			<xmin>98</xmin>
			<ymin>75</ymin>
			<xmax>123</xmax>
			<ymax>123</ymax>
		</bndbox>
	</object>
	<object>
		<name>Helmet</name>
		<pose>Unspecified</pose>
		<truncated>0</truncated>
		<difficult>0</difficult>
		<bndbox>
			<xmin>143</xmin>
			<ymin>95</ymin>
			<xmax>166</xmax>
			<ymax>132</ymax>
		</bndbox>
	</object>
	<object>
		<name>Helmet</name>
		<pose>Unspecified</pose>
		<truncated>0</truncated>
		<difficult>0</difficult>
		<bndbox>
			<xmin>182</xmin>
			<ymin>94</ymin>
			<xmax>200</xmax>
			<ymax>130</ymax>
		</bndbox>
	</object>
	<object>
		<name>Helmet</name>
		<pose>Unspecified</pose>
		<truncated>0</truncated>
		<difficult>0</difficult>
		<bndbox>
			<xmin>267</xmin>
			<ymin>102</ymin>
			<xmax>288</xmax>
			<ymax>131</ymax>
		</bndbox>
	</object>
	<object>
		<name>Helmet</name>
		<pose>Unspecified</pose>
		<truncated>0</truncated>
		<difficult>0</difficult>
		<bndbox>
			<xmin>290</xmin>
			<ymin>92</ymin>
			<xmax>311</xmax>
			<ymax>127</ymax>
		</bndbox>
	</object>
	<object>
		<name>Helmet</name>
		<pose>Unspecified</pose>
		<truncated>0</truncated>
		<difficult>0</difficult>
		<bndbox>
			<xmin>359</xmin>
			<ymin>90</ymin>
			<xmax>387</xmax>
			<ymax>137</ymax>
		</bndbox>
	</object>
</annotation>
