<annotation>
	<folder>valid</folder>
	<filename>BikesHelmets139_png_jpg.rf.2f4ee0fcdcc4dd48797678d928d35254.jpg</filename>
	<path>D:\helmet detector\data (1)\valid\BikesHelmets139_png_jpg.rf.2f4ee0fcdcc4dd48797678d928d35254.jpg</path>
	<source>
		<database>Unknown</database>
	</source>
	<size>
		<width>416</width>
		<height>416</height>
		<depth>3</depth>
	</size>
	<segmented>0</segmented>
	<object>
		<name>Helmet</name>
		<pose>Unspecified</pose>
		<truncated>0</truncated>
		<difficult>0</difficult>
		<bndbox>
			<xmin>227</xmin>
			<ymin>49</ymin>
			<xmax>290</xmax>
			<ymax>142</ymax>
		</bndbox>
	</object>
</annotation>
