<annotation>
	<folder>valid</folder>
	<filename>BikesHelmets196_png_jpg.rf.24cbb36ae5e1bb429037cd4e777e06fc.jpg</filename>
	<path>D:\helmet detector\data (1)\valid\BikesHelmets196_png_jpg.rf.24cbb36ae5e1bb429037cd4e777e06fc.jpg</path>
	<source>
		<database>Unknown</database>
	</source>
	<size>
		<width>416</width>
		<height>416</height>
		<depth>3</depth>
	</size>
	<segmented>0</segmented>
	<object>
		<name>No Helmet</name>
		<pose>Unspecified</pose>
		<truncated>0</truncated>
		<difficult>0</difficult>
		<bndbox>
			<xmin>123</xmin>
			<ymin>91</ymin>
			<xmax>162</xmax>
			<ymax>160</ymax>
		</bndbox>
	</object>
	<object>
		<name>Helmet</name>
		<pose>Unspecified</pose>
		<truncated>0</truncated>
		<difficult>0</difficult>
		<bndbox>
			<xmin>237</xmin>
			<ymin>99</ymin>
			<xmax>268</xmax>
			<ymax>141</ymax>
		</bndbox>
	</object>
	<object>
		<name>Helmet</name>
		<pose>Unspecified</pose>
		<truncated>0</truncated>
		<difficult>0</difficult>
		<bndbox>
			<xmin>347</xmin>
			<ymin>118</ymin>
			<xmax>368</xmax>
			<ymax>149</ymax>
		</bndbox>
	</object>
	<object>
		<name>No Helmet</name>
		<pose>Unspecified</pose>
		<truncated>0</truncated>
		<difficult>0</difficult>
		<bndbox>
			<xmin>372</xmin>
			<ymin>109</ymin>
			<xmax>388</xmax>
			<ymax>147</ymax>
		</bndbox>
	</object>
</annotation>
