<annotation>
	<folder>train</folder>
	<filename>BikesHelmets300_png_jpg.rf.e783cd5d7b3e39142232afb70ff75230.jpg</filename>
	<path>D:\helmet detector\data (1)\train\BikesHelmets300_png_jpg.rf.e783cd5d7b3e39142232afb70ff75230.jpg</path>
	<source>
		<database>Unknown</database>
	</source>
	<size>
		<width>416</width>
		<height>416</height>
		<depth>3</depth>
	</size>
	<segmented>0</segmented>
	<object>
		<name>Helmet</name>
		<pose>Unspecified</pose>
		<truncated>0</truncated>
		<difficult>0</difficult>
		<bndbox>
			<xmin>91</xmin>
			<ymin>13</ymin>
			<xmax>175</xmax>
			<ymax>102</ymax>
		</bndbox>
	</object>
	<object>
		<name>Helmet</name>
		<pose>Unspecified</pose>
		<truncated>0</truncated>
		<difficult>0</difficult>
		<bndbox>
			<xmin>187</xmin>
			<ymin>18</ymin>
			<xmax>244</xmax>
			<ymax>111</ymax>
		</bndbox>
	</object>
</annotation>
