<annotation>
	<folder>train</folder>
	<filename>BikesHelmets279_png_jpg.rf.0246387df21be93ce074ad93fc132487.jpg</filename>
	<path>D:\helmet detector\data (1)\train\BikesHelmets279_png_jpg.rf.0246387df21be93ce074ad93fc132487.jpg</path>
	<source>
		<database>Unknown</database>
	</source>
	<size>
		<width>416</width>
		<height>416</height>
		<depth>3</depth>
	</size>
	<segmented>0</segmented>
	<object>
		<name>Helmet</name>
		<pose>Unspecified</pose>
		<truncated>0</truncated>
		<difficult>0</difficult>
		<bndbox>
			<xmin>150</xmin>
			<ymin>2</ymin>
			<xmax>250</xmax>
			<ymax>131</ymax>
		</bndbox>
	</object>
</annotation>
