<annotation>
	<folder>train</folder>
	<filename>BikesHelmets185_png_jpg.rf.b92d4f3a82e39a955fe1e341450bd5b2.jpg</filename>
	<path>D:\helmet detector\data (1)\train\BikesHelmets185_png_jpg.rf.b92d4f3a82e39a955fe1e341450bd5b2.jpg</path>
	<source>
		<database>Unknown</database>
	</source>
	<size>
		<width>416</width>
		<height>416</height>
		<depth>3</depth>
	</size>
	<segmented>0</segmented>
	<object>
		<name>Helmet</name>
		<pose>Unspecified</pose>
		<truncated>0</truncated>
		<difficult>0</difficult>
		<bndbox>
			<xmin>117</xmin>
			<ymin>95</ymin>
			<xmax>264</xmax>
			<ymax>310</ymax>
		</bndbox>
	</object>
	<object>
		<name>Helmet</name>
		<pose>Unspecified</pose>
		<truncated>0</truncated>
		<difficult>0</difficult>
		<bndbox>
			<xmin>256</xmin>
			<ymin>153</ymin>
			<xmax>325</xmax>
			<ymax>288</ymax>
		</bndbox>
	</object>
</annotation>
