<annotation>
	<folder>train</folder>
	<filename>BikesHelmets122_png_jpg.rf.19583ba180a502729b64aa104b8222de.jpg</filename>
	<path>D:\helmet detector\data (1)\train\BikesHelmets122_png_jpg.rf.19583ba180a502729b64aa104b8222de.jpg</path>
	<source>
		<database>Unknown</database>
	</source>
	<size>
		<width>416</width>
		<height>416</height>
		<depth>3</depth>
	</size>
	<segmented>0</segmented>
	<object>
		<name>Helmet</name>
		<pose>Unspecified</pose>
		<truncated>0</truncated>
		<difficult>0</difficult>
		<bndbox>
			<xmin>152</xmin>
			<ymin>65</ymin>
			<xmax>191</xmax>
			<ymax>118</ymax>
		</bndbox>
	</object>
</annotation>
