<annotation>
	<folder>test</folder>
	<filename>BikesHelmets18_png_jpg.rf.84a3bd2569cd63e920de9c89d731bd7c.jpg</filename>
	<path>D:\helmet detector\data (1)\test\BikesHelmets18_png_jpg.rf.84a3bd2569cd63e920de9c89d731bd7c.jpg</path>
	<source>
		<database>Unknown</database>
	</source>
	<size>
		<width>416</width>
		<height>416</height>
		<depth>3</depth>
	</size>
	<segmented>0</segmented>
	<object>
		<name>Helmet</name>
		<pose>Unspecified</pose>
		<truncated>0</truncated>
		<difficult>0</difficult>
		<bndbox>
			<xmin>85</xmin>
			<ymin>11</ymin>
			<xmax>134</xmax>
			<ymax>97</ymax>
		</bndbox>
	</object>
	<object>
		<name>Helmet</name>
		<pose>Unspecified</pose>
		<truncated>0</truncated>
		<difficult>0</difficult>
		<bndbox>
			<xmin>148</xmin>
			<ymin>10</ymin>
			<xmax>192</xmax>
			<ymax>86</ymax>
		</bndbox>
	</object>
</annotation>
