<annotation>
	<folder>valid</folder>
	<filename>BikesHelmets24_png_jpg.rf.f22100dba05f7d9839aad0319c803a69.jpg</filename>
	<path>D:\helmet detector\data (1)\valid\BikesHelmets24_png_jpg.rf.f22100dba05f7d9839aad0319c803a69.jpg</path>
	<source>
		<database>Unknown</database>
	</source>
	<size>
		<width>416</width>
		<height>416</height>
		<depth>3</depth>
	</size>
	<segmented>0</segmented>
	<object>
		<name>Helmet</name>
		<pose>Unspecified</pose>
		<truncated>0</truncated>
		<difficult>0</difficult>
		<bndbox>
			<xmin>105</xmin>
			<ymin>6</ymin>
			<xmax>218</xmax>
			<ymax>159</ymax>
		</bndbox>
	</object>
</annotation>
