<annotation>
	<folder>train</folder>
	<filename>BikesHelmets273_png_jpg.rf.d70630fe03ea1b8e3882f9bbfd7d7d9b.jpg</filename>
	<path>D:\helmet detector\data (1)\train\BikesHelmets273_png_jpg.rf.d70630fe03ea1b8e3882f9bbfd7d7d9b.jpg</path>
	<source>
		<database>Unknown</database>
	</source>
	<size>
		<width>416</width>
		<height>416</height>
		<depth>3</depth>
	</size>
	<segmented>0</segmented>
	<object>
		<name>Helmet</name>
		<pose>Unspecified</pose>
		<truncated>0</truncated>
		<difficult>0</difficult>
		<bndbox>
			<xmin>50</xmin>
			<ymin>14</ymin>
			<xmax>105</xmax>
			<ymax>87</ymax>
		</bndbox>
	</object>
	<object>
		<name>Helmet</name>
		<pose>Unspecified</pose>
		<truncated>0</truncated>
		<difficult>0</difficult>
		<bndbox>
			<xmin>207</xmin>
			<ymin>13</ymin>
			<xmax>234</xmax>
			<ymax>53</ymax>
		</bndbox>
	</object>
	<object>
		<name>Helmet</name>
		<pose>Unspecified</pose>
		<truncated>1</truncated>
		<difficult>0</difficult>
		<bndbox>
			<xmin>313</xmin>
			<ymin>1</ymin>
			<xmax>356</xmax>
			<ymax>46</ymax>
		</bndbox>
	</object>
</annotation>
