<annotation>
	<folder>train</folder>
	<filename>BikesHelmets261_png_jpg.rf.5c864573c8bbd1af01969fd77ccb0c18.jpg</filename>
	<path>D:\helmet detector\data (1)\train\BikesHelmets261_png_jpg.rf.5c864573c8bbd1af01969fd77ccb0c18.jpg</path>
	<source>
		<database>Unknown</database>
	</source>
	<size>
		<width>416</width>
		<height>416</height>
		<depth>3</depth>
	</size>
	<segmented>0</segmented>
	<object>
		<name>Helmet</name>
		<pose>Unspecified</pose>
		<truncated>0</truncated>
		<difficult>0</difficult>
		<bndbox>
			<xmin>88</xmin>
			<ymin>91</ymin>
			<xmax>192</xmax>
			<ymax>219</ymax>
		</bndbox>
	</object>
	<object>
		<name>Helmet</name>
		<pose>Unspecified</pose>
		<truncated>0</truncated>
		<difficult>0</difficult>
		<bndbox>
			<xmin>219</xmin>
			<ymin>163</ymin>
			<xmax>276</xmax>
			<ymax>229</ymax>
		</bndbox>
	</object>
</annotation>
