<annotation>
	<folder>train</folder>
	<filename>BikesHelmets16_png_jpg.rf.b02be194ef828a93cbdefd6c90820942.jpg</filename>
	<path>D:\helmet detector\data (1)\train\BikesHelmets16_png_jpg.rf.b02be194ef828a93cbdefd6c90820942.jpg</path>
	<source>
		<database>Unknown</database>
	</source>
	<size>
		<width>416</width>
		<height>416</height>
		<depth>3</depth>
	</size>
	<segmented>0</segmented>
	<object>
		<name>Helmet</name>
		<pose>Unspecified</pose>
		<truncated>0</truncated>
		<difficult>0</difficult>
		<bndbox>
			<xmin>52</xmin>
			<ymin>64</ymin>
			<xmax>90</xmax>
			<ymax>152</ymax>
		</bndbox>
	</object>
	<object>
		<name>Helmet</name>
		<pose>Unspecified</pose>
		<truncated>0</truncated>
		<difficult>0</difficult>
		<bndbox>
			<xmin>92</xmin>
			<ymin>29</ymin>
			<xmax>131</xmax>
			<ymax>98</ymax>
		</bndbox>
	</object>
	<object>
		<name>Helmet</name>
		<pose>Unspecified</pose>
		<truncated>0</truncated>
		<difficult>0</difficult>
		<bndbox>
			<xmin>160</xmin>
			<ymin>51</ymin>
			<xmax>203</xmax>
			<ymax>147</ymax>
		</bndbox>
	</object>
	<object>
		<name>Helmet</name>
		<pose>Unspecified</pose>
		<truncated>0</truncated>
		<difficult>0</difficult>
		<bndbox>
			<xmin>275</xmin>
			<ymin>2</ymin>
			<xmax>341</xmax>
			<ymax>125</ymax>
		</bndbox>
	</object>
	<object>
		<name>Helmet</name>
		<pose>Unspecified</pose>
		<truncated>1</truncated>
		<difficult>0</difficult>
		<bndbox>
			<xmin>1</xmin>
			<ymin>45</ymin>
			<xmax>18</xmax>
			<ymax>119</ymax>
		</bndbox>
	</object>
</annotation>
