<annotation>
	<folder>train</folder>
	<filename>BikesHelmets283_png_jpg.rf.ea6d0a6cd17edb1ca3dc0503207a496d.jpg</filename>
	<path>D:\helmet detector\data (1)\train\BikesHelmets283_png_jpg.rf.ea6d0a6cd17edb1ca3dc0503207a496d.jpg</path>
	<source>
		<database>Unknown</database>
	</source>
	<size>
		<width>416</width>
		<height>416</height>
		<depth>3</depth>
	</size>
	<segmented>0</segmented>
	<object>
		<name>No Helmet</name>
		<pose>Unspecified</pose>
		<truncated>0</truncated>
		<difficult>0</difficult>
		<bndbox>
			<xmin>212</xmin>
			<ymin>165</ymin>
			<xmax>235</xmax>
			<ymax>230</ymax>
		</bndbox>
	</object>
	<object>
		<name>No Helmet</name>
		<pose>Unspecified</pose>
		<truncated>0</truncated>
		<difficult>0</difficult>
		<bndbox>
			<xmin>186</xmin>
			<ymin>165</ymin>
			<xmax>214</xmax>
			<ymax>238</ymax>
		</bndbox>
	</object>
	<object>
		<name>No Helmet</name>
		<pose>Unspecified</pose>
		<truncated>0</truncated>
		<difficult>0</difficult>
		<bndbox>
			<xmin>239</xmin>
			<ymin>146</ymin>
			<xmax>260</xmax>
			<ymax>224</ymax>
		</bndbox>
	</object>
	<object>
		<name>No Helmet</name>
		<pose>Unspecified</pose>
		<truncated>0</truncated>
		<difficult>0</difficult>
		<bndbox>
			<xmin>260</xmin>
			<ymin>142</ymin>
			<xmax>297</xmax>
			<ymax>224</ymax>
		</bndbox>
	</object>
	<object>
		<name>No Helmet</name>
		<pose>Unspecified</pose>
		<truncated>0</truncated>
		<difficult>0</difficult>
		<bndbox>
			<xmin>154</xmin>
			<ymin>176</ymin>
			<xmax>182</xmax>
			<ymax>236</ymax>
		</bndbox>
	</object>
</annotation>
