<annotation>
	<folder>train</folder>
	<filename>BikesHelmets121_png_jpg.rf.352be72ff657c7628aac4b450d0c06c2.jpg</filename>
	<path>D:\helmet detector\data (1)\train\BikesHelmets121_png_jpg.rf.352be72ff657c7628aac4b450d0c06c2.jpg</path>
	<source>
		<database>Unknown</database>
	</source>
	<size>
		<width>416</width>
		<height>416</height>
		<depth>3</depth>
	</size>
	<segmented>0</segmented>
	<object>
		<name>Helmet</name>
		<pose>Unspecified</pose>
		<truncated>0</truncated>
		<difficult>0</difficult>
		<bndbox>
			<xmin>190</xmin>
			<ymin>17</ymin>
			<xmax>246</xmax>
			<ymax>104</ymax>
		</bndbox>
	</object>
</annotation>
