<annotation>
	<folder>train</folder>
	<filename>BikesHelmets256_png_jpg.rf.05a0b91b24fa0ef5e027f60a656d5e02.jpg</filename>
	<path>D:\helmet detector\data (1)\train\BikesHelmets256_png_jpg.rf.05a0b91b24fa0ef5e027f60a656d5e02.jpg</path>
	<source>
		<database>Unknown</database>
	</source>
	<size>
		<width>416</width>
		<height>416</height>
		<depth>3</depth>
	</size>
	<segmented>0</segmented>
	<object>
		<name>No Helmet</name>
		<pose>Unspecified</pose>
		<truncated>0</truncated>
		<difficult>0</difficult>
		<bndbox>
			<xmin>252</xmin>
			<ymin>2</ymin>
			<xmax>309</xmax>
			<ymax>88</ymax>
		</bndbox>
	</object>
	<object>
		<name>No Helmet</name>
		<pose>Unspecified</pose>
		<truncated>0</truncated>
		<difficult>0</difficult>
		<bndbox>
			<xmin>296</xmin>
			<ymin>5</ymin>
			<xmax>339</xmax>
			<ymax>87</ymax>
		</bndbox>
	</object>
	<object>
		<name>No Helmet</name>
		<pose>Unspecified</pose>
		<truncated>0</truncated>
		<difficult>0</difficult>
		<bndbox>
			<xmin>327</xmin>
			<ymin>17</ymin>
			<xmax>368</xmax>
			<ymax>94</ymax>
		</bndbox>
	</object>
</annotation>
