<annotation>
	<folder>train</folder>
	<filename>BikesHelmets181_png_jpg.rf.b29c5ba28488917b34a4e599091a0f7e.jpg</filename>
	<path>D:\helmet detector\data (1)\train\BikesHelmets181_png_jpg.rf.b29c5ba28488917b34a4e599091a0f7e.jpg</path>
	<source>
		<database>Unknown</database>
	</source>
	<size>
		<width>416</width>
		<height>416</height>
		<depth>3</depth>
	</size>
	<segmented>0</segmented>
	<object>
		<name>Helmet</name>
		<pose>Unspecified</pose>
		<truncated>0</truncated>
		<difficult>0</difficult>
		<bndbox>
			<xmin>180</xmin>
			<ymin>42</ymin>
			<xmax>225</xmax>
			<ymax>115</ymax>
		</bndbox>
	</object>
	<object>
		<name>No Helmet</name>
		<pose>Unspecified</pose>
		<truncated>0</truncated>
		<difficult>0</difficult>
		<bndbox>
			<xmin>262</xmin>
			<ymin>32</ymin>
			<xmax>306</xmax>
			<ymax>93</ymax>
		</bndbox>
	</object>
</annotation>
