<annotation>
	<folder>train</folder>
	<filename>BikesHelmets161_png_jpg.rf.5ffc6d8de6e93f2d1cb82cebf95b2fb4.jpg</filename>
	<path>D:\helmet detector\data (1)\train\BikesHelmets161_png_jpg.rf.5ffc6d8de6e93f2d1cb82cebf95b2fb4.jpg</path>
	<source>
		<database>Unknown</database>
	</source>
	<size>
		<width>416</width>
		<height>416</height>
		<depth>3</depth>
	</size>
	<segmented>0</segmented>
	<object>
		<name>Helmet</name>
		<pose>Unspecified</pose>
		<truncated>0</truncated>
		<difficult>0</difficult>
		<bndbox>
			<xmin>135</xmin>
			<ymin>55</ymin>
			<xmax>193</xmax>
			<ymax>138</ymax>
		</bndbox>
	</object>
</annotation>
