<annotation>
	<folder>train</folder>
	<filename>BikesHelmets199_png_jpg.rf.6d9ebb896e2f629a4d0d291869abc021.jpg</filename>
	<path>D:\helmet detector\data (1)\train\BikesHelmets199_png_jpg.rf.6d9ebb896e2f629a4d0d291869abc021.jpg</path>
	<source>
		<database>Unknown</database>
	</source>
	<size>
		<width>416</width>
		<height>416</height>
		<depth>3</depth>
	</size>
	<segmented>0</segmented>
	<object>
		<name>Helmet</name>
		<pose>Unspecified</pose>
		<truncated>1</truncated>
		<difficult>0</difficult>
		<bndbox>
			<xmin>33</xmin>
			<ymin>1</ymin>
			<xmax>96</xmax>
			<ymax>48</ymax>
		</bndbox>
	</object>
	<object>
		<name>Helmet</name>
		<pose>Unspecified</pose>
		<truncated>1</truncated>
		<difficult>0</difficult>
		<bndbox>
			<xmin>258</xmin>
			<ymin>1</ymin>
			<xmax>319</xmax>
			<ymax>69</ymax>
		</bndbox>
	</object>
</annotation>
