<annotation>
	<folder>train</folder>
	<filename>BikesHelmets113_png_jpg.rf.6d7545889748937572cf8c3f8923f389.jpg</filename>
	<path>D:\helmet detector\data (1)\train\BikesHelmets113_png_jpg.rf.6d7545889748937572cf8c3f8923f389.jpg</path>
	<source>
		<database>Unknown</database>
	</source>
	<size>
		<width>416</width>
		<height>416</height>
		<depth>3</depth>
	</size>
	<segmented>0</segmented>
	<object>
		<name>Helmet</name>
		<pose>Unspecified</pose>
		<truncated>0</truncated>
		<difficult>0</difficult>
		<bndbox>
			<xmin>150</xmin>
			<ymin>7</ymin>
			<xmax>209</xmax>
			<ymax>87</ymax>
		</bndbox>
	</object>
	<object>
		<name>No Helmet</name>
		<pose>Unspecified</pose>
		<truncated>0</truncated>
		<difficult>0</difficult>
		<bndbox>
			<xmin>238</xmin>
			<ymin>19</ymin>
			<xmax>282</xmax>
			<ymax>95</ymax>
		</bndbox>
	</object>
</annotation>
