<annotation>
	<folder>train</folder>
	<filename>BikesHelmets192_png_jpg.rf.a92e30d965e6b045bd1ecfa5d1053a4b.jpg</filename>
	<path>D:\helmet detector\data (1)\train\BikesHelmets192_png_jpg.rf.a92e30d965e6b045bd1ecfa5d1053a4b.jpg</path>
	<source>
		<database>Unknown</database>
	</source>
	<size>
		<width>416</width>
		<height>416</height>
		<depth>3</depth>
	</size>
	<segmented>0</segmented>
	<object>
		<name>No Helmet</name>
		<pose>Unspecified</pose>
		<truncated>0</truncated>
		<difficult>0</difficult>
		<bndbox>
			<xmin>159</xmin>
			<ymin>84</ymin>
			<xmax>204</xmax>
			<ymax>177</ymax>
		</bndbox>
	</object>
</annotation>
