<annotation>
	<folder>test</folder>
	<filename>BikesHelmets176_png_jpg.rf.80db740fa43cad753ab10b2c62fa7bc6.jpg</filename>
	<path>D:\helmet detector\data (1)\test\BikesHelmets176_png_jpg.rf.80db740fa43cad753ab10b2c62fa7bc6.jpg</path>
	<source>
		<database>Unknown</database>
	</source>
	<size>
		<width>416</width>
		<height>416</height>
		<depth>3</depth>
	</size>
	<segmented>0</segmented>
	<object>
		<name>No Helmet</name>
		<pose>Unspecified</pose>
		<truncated>0</truncated>
		<difficult>0</difficult>
		<bndbox>
			<xmin>117</xmin>
			<ymin>60</ymin>
			<xmax>156</xmax>
			<ymax>118</ymax>
		</bndbox>
	</object>
	<object>
		<name>No Helmet</name>
		<pose>Unspecified</pose>
		<truncated>0</truncated>
		<difficult>0</difficult>
		<bndbox>
			<xmin>199</xmin>
			<ymin>94</ymin>
			<xmax>219</xmax>
			<ymax>119</ymax>
		</bndbox>
	</object>
	<object>
		<name>No Helmet</name>
		<pose>Unspecified</pose>
		<truncated>0</truncated>
		<difficult>0</difficult>
		<bndbox>
			<xmin>262</xmin>
			<ymin>103</ymin>
			<xmax>281</xmax>
			<ymax>130</ymax>
		</bndbox>
	</object>
</annotation>
