<annotation>
	<folder>train</folder>
	<filename>BikesHelmets239_png_jpg.rf.13f00c9605f1ed4b009b5ace352894c2.jpg</filename>
	<path>D:\helmet detector\data (1)\train\BikesHelmets239_png_jpg.rf.13f00c9605f1ed4b009b5ace352894c2.jpg</path>
	<source>
		<database>Unknown</database>
	</source>
	<size>
		<width>416</width>
		<height>416</height>
		<depth>3</depth>
	</size>
	<segmented>0</segmented>
	<object>
		<name>Helmet</name>
		<pose>Unspecified</pose>
		<truncated>0</truncated>
		<difficult>0</difficult>
		<bndbox>
			<xmin>216</xmin>
			<ymin>63</ymin>
			<xmax>269</xmax>
			<ymax>142</ymax>
		</bndbox>
	</object>
	<object>
		<name>Helmet</name>
		<pose>Unspecified</pose>
		<truncated>0</truncated>
		<difficult>0</difficult>
		<bndbox>
			<xmin>148</xmin>
			<ymin>49</ymin>
			<xmax>213</xmax>
			<ymax>135</ymax>
		</bndbox>
	</object>
</annotation>
