<annotation>
	<folder>train</folder>
	<filename>BikesHelmets118_png_jpg.rf.3866261c9693af6f00ca0b8b9db4ba19.jpg</filename>
	<path>D:\helmet detector\data (1)\train\BikesHelmets118_png_jpg.rf.3866261c9693af6f00ca0b8b9db4ba19.jpg</path>
	<source>
		<database>Unknown</database>
	</source>
	<size>
		<width>416</width>
		<height>416</height>
		<depth>3</depth>
	</size>
	<segmented>0</segmented>
	<object>
		<name>Helmet</name>
		<pose>Unspecified</pose>
		<truncated>0</truncated>
		<difficult>0</difficult>
		<bndbox>
			<xmin>228</xmin>
			<ymin>109</ymin>
			<xmax>266</xmax>
			<ymax>155</ymax>
		</bndbox>
	</object>
</annotation>
