<annotation>
	<folder>train</folder>
	<filename>BikesHelmets291_png_jpg.rf.22a24e16ce38e42dd4db8ed64a0b112f.jpg</filename>
	<path>D:\helmet detector\data (1)\train\BikesHelmets291_png_jpg.rf.22a24e16ce38e42dd4db8ed64a0b112f.jpg</path>
	<source>
		<database>Unknown</database>
	</source>
	<size>
		<width>416</width>
		<height>416</height>
		<depth>3</depth>
	</size>
	<segmented>0</segmented>
	<object>
		<name>No Helmet</name>
		<pose>Unspecified</pose>
		<truncated>0</truncated>
		<difficult>0</difficult>
		<bndbox>
			<xmin>226</xmin>
			<ymin>16</ymin>
			<xmax>261</xmax>
			<ymax>83</ymax>
		</bndbox>
	</object>
</annotation>
