<annotation>
	<folder>test</folder>
	<filename>BikesHelmets285_png_jpg.rf.da5bb00bca92345c547722dd11ac86b4.jpg</filename>
	<path>D:\helmet detector\data (1)\test\BikesHelmets285_png_jpg.rf.da5bb00bca92345c547722dd11ac86b4.jpg</path>
	<source>
		<database>Unknown</database>
	</source>
	<size>
		<width>416</width>
		<height>416</height>
		<depth>3</depth>
	</size>
	<segmented>0</segmented>
	<object>
		<name>Helmet</name>
		<pose>Unspecified</pose>
		<truncated>0</truncated>
		<difficult>0</difficult>
		<bndbox>
			<xmin>108</xmin>
			<ymin>105</ymin>
			<xmax>228</xmax>
			<ymax>208</ymax>
		</bndbox>
	</object>
	<object>
		<name>Helmet</name>
		<pose>Unspecified</pose>
		<truncated>0</truncated>
		<difficult>0</difficult>
		<bndbox>
			<xmin>3</xmin>
			<ymin>98</ymin>
			<xmax>113</xmax>
			<ymax>203</ymax>
		</bndbox>
	</object>
</annotation>
