<annotation>
	<folder>valid</folder>
	<filename>BikesHelmets236_png_jpg.rf.d360e8fb3cf27b4b26202ed1a9874d1e.jpg</filename>
	<path>D:\helmet detector\data (1)\valid\BikesHelmets236_png_jpg.rf.d360e8fb3cf27b4b26202ed1a9874d1e.jpg</path>
	<source>
		<database>Unknown</database>
	</source>
	<size>
		<width>416</width>
		<height>416</height>
		<depth>3</depth>
	</size>
	<segmented>0</segmented>
	<object>
		<name>Helmet</name>
		<pose>Unspecified</pose>
		<truncated>0</truncated>
		<difficult>0</difficult>
		<bndbox>
			<xmin>41</xmin>
			<ymin>5</ymin>
			<xmax>139</xmax>
			<ymax>179</ymax>
		</bndbox>
	</object>
	<object>
		<name>Helmet</name>
		<pose>Unspecified</pose>
		<truncated>0</truncated>
		<difficult>0</difficult>
		<bndbox>
			<xmin>186</xmin>
			<ymin>38</ymin>
			<xmax>276</xmax>
			<ymax>183</ymax>
		</bndbox>
	</object>
	<object>
		<name>Helmet</name>
		<pose>Unspecified</pose>
		<truncated>0</truncated>
		<difficult>0</difficult>
		<bndbox>
			<xmin>305</xmin>
			<ymin>31</ymin>
			<xmax>384</xmax>
			<ymax>177</ymax>
		</bndbox>
	</object>
</annotation>
