<annotation>
	<folder>train</folder>
	<filename>BikesHelmets14_png_jpg.rf.20312303474d0767c3d12136fde8b658.jpg</filename>
	<path>D:\helmet detector\data (1)\train\BikesHelmets14_png_jpg.rf.20312303474d0767c3d12136fde8b658.jpg</path>
	<source>
		<database>Unknown</database>
	</source>
	<size>
		<width>416</width>
		<height>416</height>
		<depth>3</depth>
	</size>
	<segmented>0</segmented>
	<object>
		<name>Helmet</name>
		<pose>Unspecified</pose>
		<truncated>0</truncated>
		<difficult>0</difficult>
		<bndbox>
			<xmin>170</xmin>
			<ymin>128</ymin>
			<xmax>230</xmax>
			<ymax>259</ymax>
		</bndbox>
	</object>
</annotation>
