<annotation>
	<folder>train</folder>
	<filename>BikesHelmets142_png_jpg.rf.9a7cb839e3e8bb16fd4a82653c0a6ecc.jpg</filename>
	<path>D:\helmet detector\data (1)\train\BikesHelmets142_png_jpg.rf.9a7cb839e3e8bb16fd4a82653c0a6ecc.jpg</path>
	<source>
		<database>Unknown</database>
	</source>
	<size>
		<width>416</width>
		<height>416</height>
		<depth>3</depth>
	</size>
	<segmented>0</segmented>
	<object>
		<name>No Helmet</name>
		<pose>Unspecified</pose>
		<truncated>0</truncated>
		<difficult>0</difficult>
		<bndbox>
			<xmin>203</xmin>
			<ymin>205</ymin>
			<xmax>250</xmax>
			<ymax>277</ymax>
		</bndbox>
	</object>
	<object>
		<name>Helmet</name>
		<pose>Unspecified</pose>
		<truncated>0</truncated>
		<difficult>0</difficult>
		<bndbox>
			<xmin>77</xmin>
			<ymin>91</ymin>
			<xmax>157</xmax>
			<ymax>249</ymax>
		</bndbox>
	</object>
</annotation>
