<annotation>
	<folder>train</folder>
	<filename>BikesHelmets270_png_jpg.rf.c08cbc5da23d275cdbee3e8dcf0e8dcc.jpg</filename>
	<path>D:\helmet detector\data (1)\train\BikesHelmets270_png_jpg.rf.c08cbc5da23d275cdbee3e8dcf0e8dcc.jpg</path>
	<source>
		<database>Unknown</database>
	</source>
	<size>
		<width>416</width>
		<height>416</height>
		<depth>3</depth>
	</size>
	<segmented>0</segmented>
	<object>
		<name>Helmet</name>
		<pose>Unspecified</pose>
		<truncated>0</truncated>
		<difficult>0</difficult>
		<bndbox>
			<xmin>172</xmin>
			<ymin>18</ymin>
			<xmax>259</xmax>
			<ymax>147</ymax>
		</bndbox>
	</object>
</annotation>
