<annotation>
	<folder>train</folder>
	<filename>BikesHelmets168_png_jpg.rf.9843959b37e2b3083979767c10d804b2.jpg</filename>
	<path>D:\helmet detector\data (1)\train\BikesHelmets168_png_jpg.rf.9843959b37e2b3083979767c10d804b2.jpg</path>
	<source>
		<database>Unknown</database>
	</source>
	<size>
		<width>416</width>
		<height>416</height>
		<depth>3</depth>
	</size>
	<segmented>0</segmented>
	<object>
		<name>No Helmet</name>
		<pose>Unspecified</pose>
		<truncated>0</truncated>
		<difficult>0</difficult>
		<bndbox>
			<xmin>118</xmin>
			<ymin>3</ymin>
			<xmax>207</xmax>
			<ymax>119</ymax>
		</bndbox>
	</object>
</annotation>
